<?xml version = '1.0' encoding = 'UTF-8'?>
<relationalModel class="oracle.dbtools.crest.model.design.relational.RelationalDesign" name="Relational_1" id="515D3C5A-8537-E5CC-B8CA-FB567FF5463A" mainViewID="34298D54-B884-9315-83AE-AD26A46E1E79">
<createdBy>k3acp</createdBy>
<createdTime>2024-06-01 14:48:53 UTC</createdTime>
<ownerDesignName>aaaaaaaaaaa-baza</ownerDesignName>
<shouldBeOpen>true</shouldBeOpen>
<selectedRDBMSSite>32076570-2523-435C-2E92-BF29817DFF70</selectedRDBMSSite>
</relationalModel>