<?xml version = '1.0' encoding = 'UTF-8'?>
<FKArc class="oracle.dbtools.crest.model.design.relational.FKArc" directorySegmentName="seg_0" id="91FDFE99-AC7F-A220-FF9D-D154BF49906A" name="FKArc_1">
<createdBy>k3acp</createdBy>
<createdTime>2024-06-11 10:59:56 UTC</createdTime>
<ownerDesignName>aaaaaaaaaaa-baza</ownerDesignName>
<mandatory>false</mandatory>
<reverseArc>true</reverseArc>
<table>48A01202-89EA-DE97-EAB4-22EB842FD724</table>
<fkeys>
<fkeyID>386AD5EE-56C3-323B-4A69-C0D3BA823E0F</fkeyID>
<fkeyID>0A74DCFF-E79F-713B-ACA1-80EFEADFE555</fkeyID>
</fkeys>
</FKArc>