<?xml version = '1.0' encoding = 'UTF-8'?>
<Diagram class="oracle.dbtools.crest.swingui.logical.DPVLogical" name="Logical" id="ACBAD8FD-4C08-F31C-7C08-6E7D289D1509">
<createdBy>k3acp</createdBy>
<modifiedBy>k3acp</modifiedBy>
<createdTime>2024-06-01 14:52:46 UTC</createdTime>
<autoRoute>false</autoRoute>
<boxInbox>true</boxInbox>
<showLegend>false</showLegend>
<showLabels>false</showLabels>
<showRelAttributes>false</showRelAttributes>
<gridEnabled>false</gridEnabled>
<showGrid>false</showGrid>
<diagramColor>-1</diagramColor>
<display>false</display>
<notation>1</notation>
<objectViews>
<OView class="oracle.dbtools.crest.swingui.logical.TVEntity" oid="18FC78FC-A943-2C09-B6E3-1A40238F4830" otype="Entity" vid="76917440-4016-F7B8-FE84-6145CAE7CFBE">
<hideElementsInCurrentOnly>false</hideElementsInCurrentOnly>
<bounds x="401" y="445" width="150" height="94"/>
</OView>
<OView class="oracle.dbtools.crest.swingui.logical.TVEntity" oid="1F94AE3A-7AB9-3599-A204-23CC770AF48E" otype="Entity" vid="6EF68572-DA60-9A9C-9653-D3BA9B00574D">
<hideElementsInCurrentOnly>false</hideElementsInCurrentOnly>
<bounds x="8" y="234" width="102" height="80"/>
</OView>
<OView class="oracle.dbtools.crest.swingui.logical.TVEntity" oid="47B63BA2-14CF-1B26-D404-B762102248BB" otype="Entity" vid="77B64D7F-BD85-8CEA-1311-E354DE07DFA8">
<hideElementsInCurrentOnly>false</hideElementsInCurrentOnly>
<bounds x="448" y="48" width="130" height="83"/>
</OView>
<OView class="oracle.dbtools.crest.swingui.logical.TVEntity" oid="4DC34C2D-6AEF-99E4-6D3B-89A6060AF629" otype="Entity" vid="3039912D-F051-C614-EECC-E1AD1EFBBE28">
<hideElementsInCurrentOnly>false</hideElementsInCurrentOnly>
<bounds x="248" y="466" width="130" height="101"/>
</OView>
<OView class="oracle.dbtools.crest.swingui.logical.TVEntity" oid="7309EE5C-E42B-6DE1-0908-EE553E934FD3" otype="Entity" vid="50F07B7E-5AAB-43D7-846C-AB934EB022A4">
<hideElementsInCurrentOnly>false</hideElementsInCurrentOnly>
<bounds x="139" y="202" width="101" height="65"/>
</OView>
<OView class="oracle.dbtools.crest.swingui.logical.TVEntity" oid="85ABBFD4-0619-F387-0A8D-4868EF8202B3" otype="Entity" vid="3468AF45-DC87-49BD-CA9E-E6F1C237661F">
<hideElementsInCurrentOnly>false</hideElementsInCurrentOnly>
<bounds x="349" y="196" width="115" height="78"/>
</OView>
<OView class="oracle.dbtools.crest.swingui.logical.TVEntity" oid="8A4C86FC-4C91-8184-F1CA-472212696191" otype="Entity" vid="D43B17ED-F846-8825-DD01-BAFE8B3808B7">
<hideElementsInCurrentOnly>false</hideElementsInCurrentOnly>
<bounds x="658" y="134" width="148" height="106"/>
</OView>
<OView class="oracle.dbtools.crest.swingui.logical.TVEntity" oid="AE4F12E3-8284-7C18-50C1-FC24DF540976" otype="Entity" vid="4E1AC9DC-823C-5D51-307A-9EB66D2DAE55">
<hideElementsInCurrentOnly>false</hideElementsInCurrentOnly>
<bounds x="6" y="440" width="105" height="63"/>
</OView>
<OView class="oracle.dbtools.crest.swingui.logical.TVEntity" oid="B4C9D9EC-E174-183A-FE17-E15D255ED6FE" otype="Entity" vid="740233EC-AC9C-F0E7-BD0B-937B16C947B3">
<hideElementsInCurrentOnly>false</hideElementsInCurrentOnly>
<bounds x="8" y="344" width="98" height="64"/>
</OView>
<OView class="oracle.dbtools.crest.swingui.logical.TVEntity" oid="B5209B8A-00E5-090C-B16E-CD56631EC8F3" otype="Entity" vid="DED3F1B9-0FA0-02D5-F442-343B1352CCA4">
<hideElementsInCurrentOnly>false</hideElementsInCurrentOnly>
<bounds x="488" y="306" width="116" height="100"/>
</OView>
<OView class="oracle.dbtools.crest.swingui.logical.TVEntity" oid="B52EE580-2081-BC53-B936-CF3BA27C64BE" otype="Entity" vid="8939CE73-FBB2-48CA-CD8C-F24D86FE65BB">
<hideElementsInCurrentOnly>false</hideElementsInCurrentOnly>
<bounds x="342" y="16" width="246" height="268"/>
</OView>
<OView class="oracle.dbtools.crest.swingui.logical.TVEntity" oid="B8A70266-2312-FD2D-0FBC-1EF0BC6BEE91" otype="Entity" vid="C635AAF5-69C7-D021-7A83-993C4C52439D">
<hideElementsInCurrentOnly>false</hideElementsInCurrentOnly>
<bounds x="661" y="393" width="132" height="108"/>
</OView>
<OView class="oracle.dbtools.crest.swingui.logical.TVEntity" oid="CE0BCA17-7A3A-22E8-0BCC-62E643BF0BAF" otype="Entity" vid="99716355-EF05-748D-AFD2-3CD42FBA46D4">
<hideElementsInCurrentOnly>false</hideElementsInCurrentOnly>
<bounds x="25" y="17" width="265" height="167"/>
</OView>
<OView class="oracle.dbtools.crest.swingui.logical.TVEntity" oid="E26F1D48-4827-9661-AEDC-483104116045" otype="Entity" vid="F76BBFE1-7594-AA00-12FB-8A06D05EFA2A">
<hideElementsInCurrentOnly>false</hideElementsInCurrentOnly>
<bounds x="695" y="268" width="118" height="66"/>
</OView>
<OView class="oracle.dbtools.crest.swingui.logical.TVEntity" oid="F6539704-BC30-69DF-D542-1C72E53A09A8" otype="Entity" vid="AB6F0CC0-4F9B-86FC-AD89-E78063FC9669">
<hideElementsInCurrentOnly>false</hideElementsInCurrentOnly>
<bounds x="652" y="17" width="133" height="84"/>
</OView>
<OView class="oracle.dbtools.crest.swingui.logical.TVEntity" oid="FD728618-1E3B-86D8-C695-B59CAA3C1CEF" otype="Entity" vid="D2905A77-554B-8F3E-ECC1-5605CBEAECE9">
<hideElementsInCurrentOnly>false</hideElementsInCurrentOnly>
<bounds x="141" y="295" width="148" height="119"/>
</OView>
</objectViews>
<connectors>
<Connector class="oracle.dbtools.crest.swingui.logical.TVRelation" oid="149E04E4-980E-7362-A9E6-5AEBD94CDCD0" otype="Relation" vid_source="F76BBFE1-7594-AA00-12FB-8A06D05EFA2A" vid_target="D43B17ED-F846-8825-DD01-BAFE8B3808B7">
<hideElementsInCurrentOnly>false</hideElementsInCurrentOnly>
<backgroundColor>-16777216</backgroundColor>
<lineWidth>1</lineWidth>
<points>
<point x="750" y="268"/>
<point x="750" y="240"/>
</points>
</Connector>
<Connector class="oracle.dbtools.crest.swingui.logical.TVRelation" oid="27C162A9-92DA-9405-32ED-806F3D7A52D0" otype="Relation" vid_source="D43B17ED-F846-8825-DD01-BAFE8B3808B7" vid_target="3468AF45-DC87-49BD-CA9E-E6F1C237661F">
<hideElementsInCurrentOnly>false</hideElementsInCurrentOnly>
<backgroundColor>-16777216</backgroundColor>
<lineWidth>1</lineWidth>
<points>
<point x="658" y="218"/>
<point x="464" y="218"/>
</points>
</Connector>
<Connector class="oracle.dbtools.crest.swingui.logical.TVRelation" oid="383A1F6B-6985-8750-F3C7-B8AE2C1CE2BC" otype="Relation" vid_source="77B64D7F-BD85-8CEA-1311-E354DE07DFA8" vid_target="AB6F0CC0-4F9B-86FC-AD89-E78063FC9669">
<hideElementsInCurrentOnly>false</hideElementsInCurrentOnly>
<backgroundColor>-16777216</backgroundColor>
<lineWidth>1</lineWidth>
<points>
<point x="578" y="74"/>
<point x="652" y="74"/>
</points>
</Connector>
<Connector class="oracle.dbtools.crest.swingui.logical.TVRelation" oid="4F600C87-F7A3-B1B5-F133-0CF118A21B2F" otype="Relation" vid_source="D2905A77-554B-8F3E-ECC1-5605CBEAECE9" vid_target="3039912D-F051-C614-EECC-E1AD1EFBBE28">
<hideElementsInCurrentOnly>false</hideElementsInCurrentOnly>
<backgroundColor>-16777216</backgroundColor>
<lineWidth>1</lineWidth>
<points>
<point x="268" y="414"/>
<point x="268" y="466"/>
</points>
</Connector>
<Connector class="oracle.dbtools.crest.swingui.logical.TVRelation" oid="5447775F-4D15-621E-FF0E-2B280FEFF8DB" otype="Relation" vid_source="AB6F0CC0-4F9B-86FC-AD89-E78063FC9669" vid_target="D43B17ED-F846-8825-DD01-BAFE8B3808B7">
<hideElementsInCurrentOnly>false</hideElementsInCurrentOnly>
<backgroundColor>-16777216</backgroundColor>
<lineWidth>1</lineWidth>
<points>
<point x="721" y="101"/>
<point x="721" y="134"/>
</points>
</Connector>
<Connector class="oracle.dbtools.crest.swingui.logical.TVRelation" oid="5D895EF4-D544-1E7B-6980-E75C5D1AEB0C" otype="Relation" vid_source="DED3F1B9-0FA0-02D5-F442-343B1352CCA4" vid_target="76917440-4016-F7B8-FE84-6145CAE7CFBE">
<hideElementsInCurrentOnly>false</hideElementsInCurrentOnly>
<backgroundColor>-16777216</backgroundColor>
<lineWidth>1</lineWidth>
<points>
<point x="519" y="406"/>
<point x="519" y="445"/>
</points>
</Connector>
<Connector class="oracle.dbtools.crest.swingui.logical.TVInheritanceRelation" oid="5F328026-176E-E149-9623-A4184A635183" otype="Hierarchy relation" vid_source="8939CE73-FBB2-48CA-CD8C-F24D86FE65BB" vid_target="3468AF45-DC87-49BD-CA9E-E6F1C237661F">
<hideElementsInCurrentOnly>false</hideElementsInCurrentOnly>
<backgroundColor>-65536</backgroundColor>
<lineWidth>1</lineWidth>
</Connector>
<Connector class="oracle.dbtools.crest.swingui.logical.TVRelation" oid="6AC704A7-A212-552C-0DCE-BE8D3B02CF38" otype="Relation" vid_source="77B64D7F-BD85-8CEA-1311-E354DE07DFA8" vid_target="99716355-EF05-748D-AFD2-3CD42FBA46D4">
<hideElementsInCurrentOnly>false</hideElementsInCurrentOnly>
<backgroundColor>-16777216</backgroundColor>
<lineWidth>1</lineWidth>
<points>
<point x="448" y="89"/>
<point x="290" y="89"/>
</points>
</Connector>
<Connector class="oracle.dbtools.crest.swingui.logical.TVRelation" oid="70501D60-9F33-1864-90A9-157016370457" otype="Relation" vid_source="F76BBFE1-7594-AA00-12FB-8A06D05EFA2A" vid_target="C635AAF5-69C7-D021-7A83-993C4C52439D">
<hideElementsInCurrentOnly>false</hideElementsInCurrentOnly>
<backgroundColor>-16777216</backgroundColor>
<lineWidth>1</lineWidth>
<points>
<point x="744" y="334"/>
<point x="744" y="393"/>
</points>
</Connector>
<Connector class="oracle.dbtools.crest.swingui.logical.TVRelation" oid="899C2DAD-4685-4A6E-65F6-5E950078C53D" otype="Relation" vid_source="3468AF45-DC87-49BD-CA9E-E6F1C237661F" vid_target="3039912D-F051-C614-EECC-E1AD1EFBBE28">
<hideElementsInCurrentOnly>false</hideElementsInCurrentOnly>
<backgroundColor>-16777216</backgroundColor>
<lineWidth>1</lineWidth>
<points>
<point x="363" y="274"/>
<point x="363" y="466"/>
</points>
</Connector>
<Connector class="oracle.dbtools.crest.swingui.logical.TVRelation" oid="8DB780A5-B88D-591C-857A-BBD6F443F1BB" otype="Relation" vid_source="50F07B7E-5AAB-43D7-846C-AB934EB022A4" vid_target="8939CE73-FBB2-48CA-CD8C-F24D86FE65BB">
<hideElementsInCurrentOnly>false</hideElementsInCurrentOnly>
<backgroundColor>-16777216</backgroundColor>
<lineWidth>1</lineWidth>
<points>
<point x="240" y="234"/>
<point x="342" y="234"/>
</points>
</Connector>
<Connector class="oracle.dbtools.crest.swingui.logical.TVRelation" oid="9083BB95-91A8-DF2F-11FE-BD4ACCAEFB19" otype="Relation" vid_source="D2905A77-554B-8F3E-ECC1-5605CBEAECE9" vid_target="50F07B7E-5AAB-43D7-846C-AB934EB022A4">
<hideElementsInCurrentOnly>false</hideElementsInCurrentOnly>
<backgroundColor>-16777216</backgroundColor>
<lineWidth>1</lineWidth>
<points>
<point x="190" y="295"/>
<point x="190" y="267"/>
</points>
</Connector>
<Connector class="oracle.dbtools.crest.swingui.logical.TVRelation" oid="AB7DD3D1-0199-BF8C-CE65-353137001CB6" otype="Relation" vid_source="DED3F1B9-0FA0-02D5-F442-343B1352CCA4" vid_target="77B64D7F-BD85-8CEA-1311-E354DE07DFA8">
<hideElementsInCurrentOnly>false</hideElementsInCurrentOnly>
<backgroundColor>-16777216</backgroundColor>
<lineWidth>1</lineWidth>
<points>
<point x="533" y="306"/>
<point x="533" y="131"/>
</points>
</Connector>
<Connector class="oracle.dbtools.crest.swingui.logical.TVRelation" oid="AF987607-35CB-5EF7-C9AF-59C5521B0B23" otype="Relation" vid_source="3468AF45-DC87-49BD-CA9E-E6F1C237661F" vid_target="76917440-4016-F7B8-FE84-6145CAE7CFBE">
<hideElementsInCurrentOnly>false</hideElementsInCurrentOnly>
<backgroundColor>-16777216</backgroundColor>
<lineWidth>1</lineWidth>
<points>
<point x="432" y="274"/>
<point x="432" y="445"/>
</points>
</Connector>
<Connector class="oracle.dbtools.crest.swingui.logical.TVRelation" oid="BE48B177-BD9C-DBFA-F5C4-BCDE5E4A9772" otype="Relation" vid_source="D2905A77-554B-8F3E-ECC1-5605CBEAECE9" vid_target="3468AF45-DC87-49BD-CA9E-E6F1C237661F">
<hideElementsInCurrentOnly>false</hideElementsInCurrentOnly>
<backgroundColor>-16777216</backgroundColor>
<lineWidth>1</lineWidth>
<points>
<point x="289" y="308"/>
<point x="349" y="270"/>
</points>
</Connector>
<Connector class="oracle.dbtools.crest.swingui.logical.TVRelation" oid="D272EA72-B943-2C4A-26B5-52B39F330BD4" otype="Relation" vid_source="76917440-4016-F7B8-FE84-6145CAE7CFBE" vid_target="C635AAF5-69C7-D021-7A83-993C4C52439D">
<hideElementsInCurrentOnly>false</hideElementsInCurrentOnly>
<backgroundColor>-16777216</backgroundColor>
<lineWidth>1</lineWidth>
<points>
<point x="551" y="473"/>
<point x="661" y="473"/>
</points>
</Connector>
<Connector class="oracle.dbtools.crest.swingui.logical.TVRelation" oid="DB5C1A01-077C-E7B4-50B6-A8AB3D8715F7" otype="Relation" vid_source="740233EC-AC9C-F0E7-BD0B-937B16C947B3" vid_target="4E1AC9DC-823C-5D51-307A-9EB66D2DAE55">
<hideElementsInCurrentOnly>false</hideElementsInCurrentOnly>
<backgroundColor>-16777216</backgroundColor>
<lineWidth>1</lineWidth>
<points>
<point x="57" y="408"/>
<point x="57" y="440"/>
</points>
</Connector>
<Connector class="oracle.dbtools.crest.swingui.logical.TVRelation" oid="DFB651A4-A4A3-5E6A-3D2F-4655897555D2" otype="Relation" vid_source="8939CE73-FBB2-48CA-CD8C-F24D86FE65BB" vid_target="C635AAF5-69C7-D021-7A83-993C4C52439D">
<hideElementsInCurrentOnly>false</hideElementsInCurrentOnly>
<backgroundColor>-16777216</backgroundColor>
<lineWidth>1</lineWidth>
<points>
<point x="583" y="284"/>
<point x="679" y="393"/>
</points>
</Connector>
<Connector class="oracle.dbtools.crest.swingui.logical.TVRelation" oid="E970B119-5A89-90AE-EC2C-A5EA3921D11A" otype="Relation" vid_source="6EF68572-DA60-9A9C-9653-D3BA9B00574D" vid_target="740233EC-AC9C-F0E7-BD0B-937B16C947B3">
<hideElementsInCurrentOnly>false</hideElementsInCurrentOnly>
<backgroundColor>-16777216</backgroundColor>
<lineWidth>1</lineWidth>
<points>
<point x="57" y="314"/>
<point x="57" y="344"/>
</points>
</Connector>
<Connector class="oracle.dbtools.crest.swingui.logical.TVInheritanceRelation" oid="F261C4C0-86C3-0963-106D-2F2FD937CBDD" otype="Hierarchy relation" vid_source="8939CE73-FBB2-48CA-CD8C-F24D86FE65BB" vid_target="77B64D7F-BD85-8CEA-1311-E354DE07DFA8">
<hideElementsInCurrentOnly>false</hideElementsInCurrentOnly>
<backgroundColor>-65536</backgroundColor>
<lineWidth>1</lineWidth>
</Connector>
<Connector class="oracle.dbtools.crest.swingui.logical.TVRelation" oid="FC2FE35C-4E5A-BE96-46CC-D633F08B3FE2" otype="Relation" vid_source="6EF68572-DA60-9A9C-9653-D3BA9B00574D" vid_target="99716355-EF05-748D-AFD2-3CD42FBA46D4">
<hideElementsInCurrentOnly>false</hideElementsInCurrentOnly>
<backgroundColor>-16777216</backgroundColor>
<lineWidth>1</lineWidth>
<points>
<point x="67" y="234"/>
<point x="67" y="184"/>
</points>
</Connector>
</connectors>
<displays>
<Display class="oracle.dbtools.crest.swingui.logical.DPVLogical" name="Display_1" id="770F86E5-D7DF-6E5B-181C-80FA68A6EA8C">
<createdBy>k3acp</createdBy>
<modifiedBy>k3acp</modifiedBy>
<createdTime>2024-06-24 09:29:47 UTC</createdTime>
<autoRoute>false</autoRoute>
<boxInbox>true</boxInbox>
<showLegend>false</showLegend>
<showLabels>false</showLabels>
<showRelAttributes>false</showRelAttributes>
<gridEnabled>false</gridEnabled>
<showGrid>false</showGrid>
<diagramColor>-1</diagramColor>
<display>true</display>
<notation>1</notation>
<objectViews>
<OView class="oracle.dbtools.crest.swingui.logical.TVEntity" oid="18FC78FC-A943-2C09-B6E3-1A40238F4830" otype="Entity" vid="66E58529-A6B9-9009-5000-7A8E8B201AED">
<hideElementsInCurrentOnly>false</hideElementsInCurrentOnly>
<bounds x="401" y="445" width="150" height="94"/>
</OView>
<OView class="oracle.dbtools.crest.swingui.logical.TVEntity" oid="1F94AE3A-7AB9-3599-A204-23CC770AF48E" otype="Entity" vid="3AC1FF74-18AF-78F2-3E8F-CA84CCA25AB9">
<hideElementsInCurrentOnly>false</hideElementsInCurrentOnly>
<bounds x="8" y="234" width="102" height="80"/>
</OView>
<OView class="oracle.dbtools.crest.swingui.logical.TVEntity" oid="47B63BA2-14CF-1B26-D404-B762102248BB" otype="Entity" vid="ED71532A-E483-076B-0FAC-9163364CD10C">
<hideElementsInCurrentOnly>false</hideElementsInCurrentOnly>
<bounds x="448" y="48" width="130" height="83"/>
</OView>
<OView class="oracle.dbtools.crest.swingui.logical.TVEntity" oid="4DC34C2D-6AEF-99E4-6D3B-89A6060AF629" otype="Entity" vid="A03577C6-083C-4D85-CE25-2D4819509AB8">
<hideElementsInCurrentOnly>false</hideElementsInCurrentOnly>
<bounds x="248" y="466" width="130" height="101"/>
</OView>
<OView class="oracle.dbtools.crest.swingui.logical.TVEntity" oid="7309EE5C-E42B-6DE1-0908-EE553E934FD3" otype="Entity" vid="513ED9EA-0C8F-CBA9-403E-E2115581A020">
<hideElementsInCurrentOnly>false</hideElementsInCurrentOnly>
<bounds x="139" y="202" width="101" height="65"/>
</OView>
<OView class="oracle.dbtools.crest.swingui.logical.TVEntity" oid="85ABBFD4-0619-F387-0A8D-4868EF8202B3" otype="Entity" vid="3CCB4B9E-E3FB-5C14-6333-04DD88849590">
<hideElementsInCurrentOnly>false</hideElementsInCurrentOnly>
<bounds x="349" y="196" width="115" height="78"/>
</OView>
<OView class="oracle.dbtools.crest.swingui.logical.TVEntity" oid="8A4C86FC-4C91-8184-F1CA-472212696191" otype="Entity" vid="D5BB7C59-DD70-A2ED-8DB7-27A1FB3468E3">
<hideElementsInCurrentOnly>false</hideElementsInCurrentOnly>
<bounds x="658" y="134" width="148" height="106"/>
</OView>
<OView class="oracle.dbtools.crest.swingui.logical.TVEntity" oid="AE4F12E3-8284-7C18-50C1-FC24DF540976" otype="Entity" vid="04E85B4A-1E4E-1555-15E4-BEECDF25223A">
<hideElementsInCurrentOnly>false</hideElementsInCurrentOnly>
<bounds x="6" y="440" width="105" height="63"/>
</OView>
<OView class="oracle.dbtools.crest.swingui.logical.TVEntity" oid="B4C9D9EC-E174-183A-FE17-E15D255ED6FE" otype="Entity" vid="5B1AFE7B-A047-7188-A717-A822754E3738">
<hideElementsInCurrentOnly>false</hideElementsInCurrentOnly>
<bounds x="8" y="344" width="98" height="64"/>
</OView>
<OView class="oracle.dbtools.crest.swingui.logical.TVEntity" oid="B5209B8A-00E5-090C-B16E-CD56631EC8F3" otype="Entity" vid="4A9008C7-A2F6-0A5F-3EC1-607F663E223F">
<hideElementsInCurrentOnly>false</hideElementsInCurrentOnly>
<bounds x="488" y="306" width="116" height="100"/>
</OView>
<OView class="oracle.dbtools.crest.swingui.logical.TVEntity" oid="B52EE580-2081-BC53-B936-CF3BA27C64BE" otype="Entity" vid="C2D3965D-50CB-A685-306F-4687742E2B32">
<hideElementsInCurrentOnly>false</hideElementsInCurrentOnly>
<bounds x="342" y="16" width="246" height="268"/>
</OView>
<OView class="oracle.dbtools.crest.swingui.logical.TVEntity" oid="B8A70266-2312-FD2D-0FBC-1EF0BC6BEE91" otype="Entity" vid="5CC68128-400E-0FE1-5E43-E0495B931735">
<hideElementsInCurrentOnly>false</hideElementsInCurrentOnly>
<bounds x="661" y="393" width="132" height="108"/>
</OView>
<OView class="oracle.dbtools.crest.swingui.logical.TVEntity" oid="CE0BCA17-7A3A-22E8-0BCC-62E643BF0BAF" otype="Entity" vid="E38BB8B4-CB3B-EA13-1D72-6DB92DB1963D">
<hideElementsInCurrentOnly>false</hideElementsInCurrentOnly>
<bounds x="25" y="17" width="265" height="167"/>
</OView>
<OView class="oracle.dbtools.crest.swingui.logical.TVEntity" oid="E26F1D48-4827-9661-AEDC-483104116045" otype="Entity" vid="5E5FCC64-3A23-CFD8-3C09-EF25EDD8A6E9">
<hideElementsInCurrentOnly>false</hideElementsInCurrentOnly>
<bounds x="695" y="268" width="118" height="66"/>
</OView>
<OView class="oracle.dbtools.crest.swingui.logical.TVEntity" oid="F6539704-BC30-69DF-D542-1C72E53A09A8" otype="Entity" vid="50BB68DC-8A8A-C59C-C38B-4E8AC611152C">
<hideElementsInCurrentOnly>false</hideElementsInCurrentOnly>
<bounds x="652" y="17" width="133" height="84"/>
</OView>
<OView class="oracle.dbtools.crest.swingui.logical.TVEntity" oid="FD728618-1E3B-86D8-C695-B59CAA3C1CEF" otype="Entity" vid="E57CFD36-FBBF-E4A7-95FA-1B66492DEEDE">
<hideElementsInCurrentOnly>false</hideElementsInCurrentOnly>
<bounds x="141" y="295" width="148" height="119"/>
</OView>
</objectViews>
<connectors>
<Connector class="oracle.dbtools.crest.swingui.logical.TVRelation" oid="149E04E4-980E-7362-A9E6-5AEBD94CDCD0" otype="Relation" vid_source="5E5FCC64-3A23-CFD8-3C09-EF25EDD8A6E9" vid_target="D5BB7C59-DD70-A2ED-8DB7-27A1FB3468E3">
<hideElementsInCurrentOnly>false</hideElementsInCurrentOnly>
<backgroundColor>-16777216</backgroundColor>
<lineWidth>1</lineWidth>
<points>
<point x="750" y="268"/>
<point x="750" y="240"/>
</points>
</Connector>
<Connector class="oracle.dbtools.crest.swingui.logical.TVRelation" oid="27C162A9-92DA-9405-32ED-806F3D7A52D0" otype="Relation" vid_source="D5BB7C59-DD70-A2ED-8DB7-27A1FB3468E3" vid_target="3CCB4B9E-E3FB-5C14-6333-04DD88849590">
<hideElementsInCurrentOnly>false</hideElementsInCurrentOnly>
<backgroundColor>-16777216</backgroundColor>
<lineWidth>1</lineWidth>
<points>
<point x="658" y="218"/>
<point x="464" y="218"/>
</points>
</Connector>
<Connector class="oracle.dbtools.crest.swingui.logical.TVRelation" oid="383A1F6B-6985-8750-F3C7-B8AE2C1CE2BC" otype="Relation" vid_source="ED71532A-E483-076B-0FAC-9163364CD10C" vid_target="50BB68DC-8A8A-C59C-C38B-4E8AC611152C">
<hideElementsInCurrentOnly>false</hideElementsInCurrentOnly>
<backgroundColor>-16777216</backgroundColor>
<lineWidth>1</lineWidth>
<points>
<point x="578" y="74"/>
<point x="652" y="74"/>
</points>
</Connector>
<Connector class="oracle.dbtools.crest.swingui.logical.TVRelation" oid="4F600C87-F7A3-B1B5-F133-0CF118A21B2F" otype="Relation" vid_source="E57CFD36-FBBF-E4A7-95FA-1B66492DEEDE" vid_target="A03577C6-083C-4D85-CE25-2D4819509AB8">
<hideElementsInCurrentOnly>false</hideElementsInCurrentOnly>
<backgroundColor>-16777216</backgroundColor>
<lineWidth>1</lineWidth>
<points>
<point x="268" y="414"/>
<point x="268" y="466"/>
</points>
</Connector>
<Connector class="oracle.dbtools.crest.swingui.logical.TVRelation" oid="5447775F-4D15-621E-FF0E-2B280FEFF8DB" otype="Relation" vid_source="50BB68DC-8A8A-C59C-C38B-4E8AC611152C" vid_target="D5BB7C59-DD70-A2ED-8DB7-27A1FB3468E3">
<hideElementsInCurrentOnly>false</hideElementsInCurrentOnly>
<backgroundColor>-16777216</backgroundColor>
<lineWidth>1</lineWidth>
<points>
<point x="721" y="101"/>
<point x="721" y="134"/>
</points>
</Connector>
<Connector class="oracle.dbtools.crest.swingui.logical.TVRelation" oid="5D895EF4-D544-1E7B-6980-E75C5D1AEB0C" otype="Relation" vid_source="4A9008C7-A2F6-0A5F-3EC1-607F663E223F" vid_target="66E58529-A6B9-9009-5000-7A8E8B201AED">
<hideElementsInCurrentOnly>false</hideElementsInCurrentOnly>
<backgroundColor>-16777216</backgroundColor>
<lineWidth>1</lineWidth>
<points>
<point x="519" y="406"/>
<point x="519" y="445"/>
</points>
</Connector>
<Connector class="oracle.dbtools.crest.swingui.logical.TVInheritanceRelation" oid="5F328026-176E-E149-9623-A4184A635183" otype="Hierarchy relation" vid_source="C2D3965D-50CB-A685-306F-4687742E2B32" vid_target="3CCB4B9E-E3FB-5C14-6333-04DD88849590">
<hideElementsInCurrentOnly>false</hideElementsInCurrentOnly>
<backgroundColor>-65536</backgroundColor>
<lineWidth>1</lineWidth>
</Connector>
<Connector class="oracle.dbtools.crest.swingui.logical.TVRelation" oid="6AC704A7-A212-552C-0DCE-BE8D3B02CF38" otype="Relation" vid_source="ED71532A-E483-076B-0FAC-9163364CD10C" vid_target="E38BB8B4-CB3B-EA13-1D72-6DB92DB1963D">
<hideElementsInCurrentOnly>false</hideElementsInCurrentOnly>
<backgroundColor>-16777216</backgroundColor>
<lineWidth>1</lineWidth>
<points>
<point x="448" y="89"/>
<point x="290" y="89"/>
</points>
</Connector>
<Connector class="oracle.dbtools.crest.swingui.logical.TVRelation" oid="70501D60-9F33-1864-90A9-157016370457" otype="Relation" vid_source="5E5FCC64-3A23-CFD8-3C09-EF25EDD8A6E9" vid_target="5CC68128-400E-0FE1-5E43-E0495B931735">
<hideElementsInCurrentOnly>false</hideElementsInCurrentOnly>
<backgroundColor>-16777216</backgroundColor>
<lineWidth>1</lineWidth>
<points>
<point x="744" y="334"/>
<point x="744" y="393"/>
</points>
</Connector>
<Connector class="oracle.dbtools.crest.swingui.logical.TVRelation" oid="899C2DAD-4685-4A6E-65F6-5E950078C53D" otype="Relation" vid_source="3CCB4B9E-E3FB-5C14-6333-04DD88849590" vid_target="A03577C6-083C-4D85-CE25-2D4819509AB8">
<hideElementsInCurrentOnly>false</hideElementsInCurrentOnly>
<backgroundColor>-16777216</backgroundColor>
<lineWidth>1</lineWidth>
<points>
<point x="363" y="274"/>
<point x="363" y="466"/>
</points>
</Connector>
<Connector class="oracle.dbtools.crest.swingui.logical.TVRelation" oid="8DB780A5-B88D-591C-857A-BBD6F443F1BB" otype="Relation" vid_source="513ED9EA-0C8F-CBA9-403E-E2115581A020" vid_target="C2D3965D-50CB-A685-306F-4687742E2B32">
<hideElementsInCurrentOnly>false</hideElementsInCurrentOnly>
<backgroundColor>-16777216</backgroundColor>
<lineWidth>1</lineWidth>
<points>
<point x="240" y="234"/>
<point x="342" y="234"/>
</points>
</Connector>
<Connector class="oracle.dbtools.crest.swingui.logical.TVRelation" oid="9083BB95-91A8-DF2F-11FE-BD4ACCAEFB19" otype="Relation" vid_source="E57CFD36-FBBF-E4A7-95FA-1B66492DEEDE" vid_target="513ED9EA-0C8F-CBA9-403E-E2115581A020">
<hideElementsInCurrentOnly>false</hideElementsInCurrentOnly>
<backgroundColor>-16777216</backgroundColor>
<lineWidth>1</lineWidth>
<points>
<point x="190" y="295"/>
<point x="190" y="267"/>
</points>
</Connector>
<Connector class="oracle.dbtools.crest.swingui.logical.TVRelation" oid="AB7DD3D1-0199-BF8C-CE65-353137001CB6" otype="Relation" vid_source="4A9008C7-A2F6-0A5F-3EC1-607F663E223F" vid_target="ED71532A-E483-076B-0FAC-9163364CD10C">
<hideElementsInCurrentOnly>false</hideElementsInCurrentOnly>
<backgroundColor>-16777216</backgroundColor>
<lineWidth>1</lineWidth>
<points>
<point x="533" y="306"/>
<point x="533" y="131"/>
</points>
</Connector>
<Connector class="oracle.dbtools.crest.swingui.logical.TVRelation" oid="AF987607-35CB-5EF7-C9AF-59C5521B0B23" otype="Relation" vid_source="3CCB4B9E-E3FB-5C14-6333-04DD88849590" vid_target="66E58529-A6B9-9009-5000-7A8E8B201AED">
<hideElementsInCurrentOnly>false</hideElementsInCurrentOnly>
<backgroundColor>-16777216</backgroundColor>
<lineWidth>1</lineWidth>
<points>
<point x="432" y="274"/>
<point x="432" y="445"/>
</points>
</Connector>
<Connector class="oracle.dbtools.crest.swingui.logical.TVRelation" oid="BE48B177-BD9C-DBFA-F5C4-BCDE5E4A9772" otype="Relation" vid_source="E57CFD36-FBBF-E4A7-95FA-1B66492DEEDE" vid_target="3CCB4B9E-E3FB-5C14-6333-04DD88849590">
<hideElementsInCurrentOnly>false</hideElementsInCurrentOnly>
<backgroundColor>-16777216</backgroundColor>
<lineWidth>1</lineWidth>
<points>
<point x="289" y="308"/>
<point x="349" y="270"/>
</points>
</Connector>
<Connector class="oracle.dbtools.crest.swingui.logical.TVRelation" oid="D272EA72-B943-2C4A-26B5-52B39F330BD4" otype="Relation" vid_source="66E58529-A6B9-9009-5000-7A8E8B201AED" vid_target="5CC68128-400E-0FE1-5E43-E0495B931735">
<hideElementsInCurrentOnly>false</hideElementsInCurrentOnly>
<backgroundColor>-16777216</backgroundColor>
<lineWidth>1</lineWidth>
<points>
<point x="551" y="473"/>
<point x="661" y="473"/>
</points>
</Connector>
<Connector class="oracle.dbtools.crest.swingui.logical.TVRelation" oid="DB5C1A01-077C-E7B4-50B6-A8AB3D8715F7" otype="Relation" vid_source="5B1AFE7B-A047-7188-A717-A822754E3738" vid_target="04E85B4A-1E4E-1555-15E4-BEECDF25223A">
<hideElementsInCurrentOnly>false</hideElementsInCurrentOnly>
<backgroundColor>-16777216</backgroundColor>
<lineWidth>1</lineWidth>
<points>
<point x="57" y="408"/>
<point x="57" y="440"/>
</points>
</Connector>
<Connector class="oracle.dbtools.crest.swingui.logical.TVRelation" oid="DFB651A4-A4A3-5E6A-3D2F-4655897555D2" otype="Relation" vid_source="C2D3965D-50CB-A685-306F-4687742E2B32" vid_target="5CC68128-400E-0FE1-5E43-E0495B931735">
<hideElementsInCurrentOnly>false</hideElementsInCurrentOnly>
<backgroundColor>-16777216</backgroundColor>
<lineWidth>1</lineWidth>
<points>
<point x="583" y="284"/>
<point x="679" y="393"/>
</points>
</Connector>
<Connector class="oracle.dbtools.crest.swingui.logical.TVRelation" oid="E970B119-5A89-90AE-EC2C-A5EA3921D11A" otype="Relation" vid_source="3AC1FF74-18AF-78F2-3E8F-CA84CCA25AB9" vid_target="5B1AFE7B-A047-7188-A717-A822754E3738">
<hideElementsInCurrentOnly>false</hideElementsInCurrentOnly>
<backgroundColor>-16777216</backgroundColor>
<lineWidth>1</lineWidth>
<points>
<point x="57" y="314"/>
<point x="57" y="344"/>
</points>
</Connector>
<Connector class="oracle.dbtools.crest.swingui.logical.TVInheritanceRelation" oid="F261C4C0-86C3-0963-106D-2F2FD937CBDD" otype="Hierarchy relation" vid_source="C2D3965D-50CB-A685-306F-4687742E2B32" vid_target="ED71532A-E483-076B-0FAC-9163364CD10C">
<hideElementsInCurrentOnly>false</hideElementsInCurrentOnly>
<backgroundColor>-65536</backgroundColor>
<lineWidth>1</lineWidth>
</Connector>
<Connector class="oracle.dbtools.crest.swingui.logical.TVRelation" oid="FC2FE35C-4E5A-BE96-46CC-D633F08B3FE2" otype="Relation" vid_source="3AC1FF74-18AF-78F2-3E8F-CA84CCA25AB9" vid_target="E38BB8B4-CB3B-EA13-1D72-6DB92DB1963D">
<hideElementsInCurrentOnly>false</hideElementsInCurrentOnly>
<backgroundColor>-16777216</backgroundColor>
<lineWidth>1</lineWidth>
<points>
<point x="67" y="234"/>
<point x="67" y="184"/>
</points>
</Connector>
</connectors>
</Display>
</displays>
</Diagram>