<?xml version = '1.0' encoding = 'UTF-8'?>
<Diagram class="oracle.dbtools.crest.swingui.relational.DPVRelational" name="Relational_1" id="34298D54-B884-9315-83AE-AD26A46E1E79">
<createdBy>k3acp</createdBy>
<modifiedBy>k3acp</modifiedBy>
<createdTime>2024-06-01 15:27:05 UTC</createdTime>
<autoRoute>false</autoRoute>
<boxInbox>true</boxInbox>
<showLegend>false</showLegend>
<showLabels>false</showLabels>
<showRelAttributes>false</showRelAttributes>
<gridEnabled>false</gridEnabled>
<showGrid>false</showGrid>
<diagramColor>-1</diagramColor>
<display>false</display>
<notation>1</notation>
<objectViews>
<OView class="oracle.dbtools.crest.swingui.relational.TVTable" oid="0BBAC7B1-06AD-D858-AC22-09A26ED55A4A" otype="Table" vid="18A32A4D-204E-3793-94BE-8F5F72B7793D">
<hideElementsInCurrentOnly>false</hideElementsInCurrentOnly>
<bounds x="1236" y="542" width="304" height="193"/>
</OView>
<OView class="oracle.dbtools.crest.swingui.relational.TVTable" oid="3B46772C-E453-290E-054A-9E049BC685D0" otype="Table" vid="872FF344-FA4D-63F0-479D-74A1264759EC">
<hideElementsInCurrentOnly>false</hideElementsInCurrentOnly>
<bounds x="824" y="7" width="232" height="214"/>
</OView>
<OView class="oracle.dbtools.crest.swingui.relational.TVTable" oid="3C0A15F2-AACE-B021-9BA9-6F51FC7B11F2" otype="Table" vid="0AFF77F8-3B4D-FB5A-536D-2FA85769A1F7">
<hideElementsInCurrentOnly>false</hideElementsInCurrentOnly>
<bounds x="262" y="726" width="220" height="77"/>
</OView>
<OView class="oracle.dbtools.crest.swingui.relational.TVTable" oid="48A01202-89EA-DE97-EAB4-22EB842FD724" otype="Table" vid="8022BAD7-4B05-2772-3337-75CF6A8E757E">
<hideElementsInCurrentOnly>false</hideElementsInCurrentOnly>
<bounds x="423" y="82" width="246" height="268"/>
</OView>
<OView class="oracle.dbtools.crest.swingui.relational.TVTable" oid="5074D37C-8BDE-5894-62E3-1E6E6F304876" otype="Table" vid="E7DAD490-2789-2DF9-4606-583C89883C7D">
<hideElementsInCurrentOnly>false</hideElementsInCurrentOnly>
<bounds x="889" y="670" width="307" height="175"/>
</OView>
<OView class="oracle.dbtools.crest.swingui.relational.TVTable" oid="6F5E18AA-C8AE-2BB4-B905-BEBF23F99195" otype="Table" vid="09064C08-F781-37C4-9617-F558ABFF305D">
<hideElementsInCurrentOnly>false</hideElementsInCurrentOnly>
<bounds x="712" y="308" width="221" height="102"/>
</OView>
<OView class="oracle.dbtools.crest.swingui.relational.TVTable" oid="703E379B-02B1-AE3B-CBE8-21E79B2BE154" otype="Table" vid="7BDD789E-3581-0B7B-31A0-FED1A200F349">
<hideElementsInCurrentOnly>false</hideElementsInCurrentOnly>
<bounds x="6" y="451" width="321" height="193"/>
</OView>
<OView class="oracle.dbtools.crest.swingui.relational.TVTable" oid="85AC8798-9BC1-72A4-8D59-33C4479CEE68" otype="Table" vid="5C454A05-4960-B877-47E9-F715B8A1AE55">
<hideElementsInCurrentOnly>false</hideElementsInCurrentOnly>
<bounds x="974" y="314" width="287" height="217"/>
</OView>
<OView class="oracle.dbtools.crest.swingui.relational.TVTable" oid="A09B5931-20C6-69F8-0981-D0E9D6B20B5B" otype="Table" vid="5CF3528A-B350-E7C0-9B4B-A0AAA79949CB">
<hideElementsInCurrentOnly>false</hideElementsInCurrentOnly>
<bounds x="25" y="17" width="265" height="167"/>
</OView>
<OView class="oracle.dbtools.crest.swingui.relational.TVTable" oid="AFD44E57-8C60-1486-7671-DE2FD5545AB4" otype="Table" vid="9F419241-A534-0718-6B28-B959292AD7D6">
<hideElementsInCurrentOnly>false</hideElementsInCurrentOnly>
<bounds x="16" y="676" width="225" height="80"/>
</OView>
<OView class="oracle.dbtools.crest.swingui.relational.TVTable" oid="B19CF56D-F530-EB21-9CF5-CBD76F3C9A93" otype="Table" vid="98FF3D7A-BE1B-97E2-FA9A-739A76FA3BF1">
<hideElementsInCurrentOnly>false</hideElementsInCurrentOnly>
<bounds x="1099" y="85" width="229" height="205"/>
</OView>
<OView class="oracle.dbtools.crest.swingui.relational.TVTable" oid="BB38210C-E58A-1373-CB45-AAD3D266AD3F" otype="Table" vid="E77F8D98-DD06-CB7D-401B-09B26A9A4C0E">
<hideElementsInCurrentOnly>false</hideElementsInCurrentOnly>
<bounds x="91" y="239" width="284" height="165"/>
</OView>
<OView class="oracle.dbtools.crest.swingui.relational.TVTable" oid="BD819225-5B63-20F8-4308-F61EAC3FC177" otype="Table" vid="F0E7DD33-4942-74BB-6B8D-5EFD8A400811">
<hideElementsInCurrentOnly>false</hideElementsInCurrentOnly>
<bounds x="1312" y="378" width="206" height="79"/>
</OView>
<OView class="oracle.dbtools.crest.swingui.relational.TVTable" oid="C52F52F0-2C62-BE96-A38B-7C6E66BCCF29" otype="Table" vid="CCC4E341-31DA-9504-255B-5876209D9B84">
<hideElementsInCurrentOnly>false</hideElementsInCurrentOnly>
<bounds x="1363" y="8" width="308" height="173"/>
</OView>
<OView class="oracle.dbtools.crest.swingui.relational.TVTable" oid="D97CA35C-A192-B975-8E52-FB868418DEBF" otype="Table" vid="8FCBA608-C1C6-EF18-4932-9DD808B64D60">
<hideElementsInCurrentOnly>false</hideElementsInCurrentOnly>
<bounds x="538" y="684" width="234" height="179"/>
</OView>
<OView class="oracle.dbtools.crest.swingui.relational.TVTable" oid="F3F80116-3911-FFDB-FFC0-A86739540843" otype="Table" vid="562D7867-8337-1C64-88AF-A750B10F126A">
<hideElementsInCurrentOnly>false</hideElementsInCurrentOnly>
<bounds x="461" y="439" width="217" height="175"/>
</OView>
</objectViews>
<connectors>
<Connector class="oracle.dbtools.crest.swingui.relational.TVFKRelation" oid="0A74DCFF-E79F-713B-ACA1-80EFEADFE555" otype="FKIndexAssociation" vid_source="8022BAD7-4B05-2772-3337-75CF6A8E757E" vid_target="872FF344-FA4D-63F0-479D-74A1264759EC">
<hideElementsInCurrentOnly>false</hideElementsInCurrentOnly>
<backgroundColor>-16777216</backgroundColor>
<lineWidth>1</lineWidth>
<points>
<point x="669" y="166"/>
<point x="824" y="166"/>
</points>
</Connector>
<Connector class="oracle.dbtools.crest.swingui.relational.TVFKRelation" oid="0DC40FEF-A344-9A8E-4802-DFF4FA9FC6B3" otype="FKIndexAssociation" vid_source="8FCBA608-C1C6-EF18-4932-9DD808B64D60" vid_target="562D7867-8337-1C64-88AF-A750B10F126A">
<hideElementsInCurrentOnly>false</hideElementsInCurrentOnly>
<backgroundColor>-16777216</backgroundColor>
<lineWidth>1</lineWidth>
<points>
<point x="608" y="684"/>
<point x="608" y="614"/>
</points>
</Connector>
<Connector class="oracle.dbtools.crest.swingui.relational.TVFKRelation" oid="16216649-732E-8C8A-B89D-DE3C94035FB0" otype="FKIndexAssociation" vid_source="09064C08-F781-37C4-9617-F558ABFF305D" vid_target="5C454A05-4960-B877-47E9-F715B8A1AE55">
<hideElementsInCurrentOnly>false</hideElementsInCurrentOnly>
<backgroundColor>-16777216</backgroundColor>
<lineWidth>1</lineWidth>
<points>
<point x="933" y="362"/>
<point x="974" y="362"/>
</points>
</Connector>
<Connector class="oracle.dbtools.crest.swingui.relational.TVFKRelation" oid="1B195B18-D270-E1E2-C3C3-F730CFBF568D" otype="FKIndexAssociation" vid_source="8FCBA608-C1C6-EF18-4932-9DD808B64D60" vid_target="E7DAD490-2789-2DF9-4606-583C89883C7D">
<hideElementsInCurrentOnly>false</hideElementsInCurrentOnly>
<backgroundColor>-16777216</backgroundColor>
<lineWidth>1</lineWidth>
<points>
<point x="772" y="764"/>
<point x="889" y="764"/>
</points>
</Connector>
<Connector class="oracle.dbtools.crest.swingui.relational.TVFKRelation" oid="1DFB0A9A-BAE8-CDAF-A503-B8DDB821E186" otype="FKIndexAssociation" vid_source="E77F8D98-DD06-CB7D-401B-09B26A9A4C0E" vid_target="7BDD789E-3581-0B7B-31A0-FED1A200F349">
<hideElementsInCurrentOnly>false</hideElementsInCurrentOnly>
<backgroundColor>-16777216</backgroundColor>
<lineWidth>1</lineWidth>
<points>
<point x="194" y="404"/>
<point x="194" y="451"/>
</points>
</Connector>
<Connector class="oracle.dbtools.crest.swingui.relational.TVFKRelation" oid="1EC946A6-19D5-635E-1D55-91933DCE1E7D" otype="FKIndexAssociation" vid_source="5CF3528A-B350-E7C0-9B4B-A0AAA79949CB" vid_target="E77F8D98-DD06-CB7D-401B-09B26A9A4C0E">
<hideElementsInCurrentOnly>false</hideElementsInCurrentOnly>
<backgroundColor>-16777216</backgroundColor>
<lineWidth>1</lineWidth>
<points>
<point x="190" y="184"/>
<point x="190" y="239"/>
</points>
</Connector>
<Connector class="oracle.dbtools.crest.swingui.relational.TVFKRelation" oid="20465CA0-1869-6FF3-6A8D-75605A595326" otype="FKIndexAssociation" vid_source="0AFF77F8-3B4D-FB5A-536D-2FA85769A1F7" vid_target="8022BAD7-4B05-2772-3337-75CF6A8E757E">
<hideElementsInCurrentOnly>false</hideElementsInCurrentOnly>
<backgroundColor>-16777216</backgroundColor>
<lineWidth>1</lineWidth>
<points>
<point x="437" y="726"/>
<point x="437" y="350"/>
</points>
</Connector>
<Connector class="oracle.dbtools.crest.swingui.relational.TVFKRelation" oid="386AD5EE-56C3-323B-4A69-C0D3BA823E0F" otype="FKIndexAssociation" vid_source="8022BAD7-4B05-2772-3337-75CF6A8E757E" vid_target="562D7867-8337-1C64-88AF-A750B10F126A">
<hideElementsInCurrentOnly>false</hideElementsInCurrentOnly>
<backgroundColor>-16777216</backgroundColor>
<lineWidth>1</lineWidth>
<points>
<point x="565" y="350"/>
<point x="565" y="439"/>
</points>
</Connector>
<Connector class="oracle.dbtools.crest.swingui.relational.TVFKRelation" oid="55BA0338-0CFE-4ECE-EF72-6A48B955D3BE" otype="FKIndexAssociation" vid_source="5CF3528A-B350-E7C0-9B4B-A0AAA79949CB" vid_target="7BDD789E-3581-0B7B-31A0-FED1A200F349">
<hideElementsInCurrentOnly>false</hideElementsInCurrentOnly>
<backgroundColor>-16777216</backgroundColor>
<lineWidth>1</lineWidth>
<points>
<point x="51" y="184"/>
<point x="51" y="451"/>
</points>
</Connector>
<Connector class="oracle.dbtools.crest.swingui.relational.TVFKRelation" oid="60D23049-75DF-08E6-9715-6F7A02ABF925" otype="FKIndexAssociation" vid_source="09064C08-F781-37C4-9617-F558ABFF305D" vid_target="872FF344-FA4D-63F0-479D-74A1264759EC">
<hideElementsInCurrentOnly>false</hideElementsInCurrentOnly>
<backgroundColor>-16777216</backgroundColor>
<lineWidth>1</lineWidth>
<points>
<point x="908" y="308"/>
<point x="908" y="221"/>
</points>
</Connector>
<Connector class="oracle.dbtools.crest.swingui.relational.TVFKRelation" oid="80F010F0-66B0-BDF5-0506-880EADA544F1" otype="FKIndexAssociation" vid_source="0AFF77F8-3B4D-FB5A-536D-2FA85769A1F7" vid_target="8FCBA608-C1C6-EF18-4932-9DD808B64D60">
<hideElementsInCurrentOnly>false</hideElementsInCurrentOnly>
<backgroundColor>-16777216</backgroundColor>
<lineWidth>1</lineWidth>
<points>
<point x="482" y="764"/>
<point x="538" y="764"/>
</points>
</Connector>
<Connector class="oracle.dbtools.crest.swingui.relational.TVFKRelation" oid="AED6A46A-90EC-0D4C-6129-F60AED41AD89" otype="FKIndexAssociation" vid_source="18A32A4D-204E-3793-94BE-8F5F72B7793D" vid_target="CCC4E341-31DA-9504-255B-5876209D9B84">
<hideElementsInCurrentOnly>false</hideElementsInCurrentOnly>
<backgroundColor>-16777216</backgroundColor>
<lineWidth>1</lineWidth>
<points>
<point x="1524" y="542"/>
<point x="1524" y="181"/>
</points>
</Connector>
<Connector class="oracle.dbtools.crest.swingui.relational.TVFKRelation" oid="B8CD2480-A52B-C01A-8B14-4A4ED9180107" otype="FKIndexAssociation" vid_source="9F419241-A534-0718-6B28-B959292AD7D6" vid_target="7BDD789E-3581-0B7B-31A0-FED1A200F349">
<hideElementsInCurrentOnly>false</hideElementsInCurrentOnly>
<backgroundColor>-16777216</backgroundColor>
<lineWidth>1</lineWidth>
<points>
<point x="128" y="676"/>
<point x="128" y="644"/>
</points>
</Connector>
<Connector class="oracle.dbtools.crest.swingui.relational.TVFKRelation" oid="C56771F1-0575-D25B-9AA4-9A31AEDCA329" otype="FKIndexAssociation" vid_source="562D7867-8337-1C64-88AF-A750B10F126A" vid_target="E7DAD490-2789-2DF9-4606-583C89883C7D">
<hideElementsInCurrentOnly>false</hideElementsInCurrentOnly>
<backgroundColor>-16777216</backgroundColor>
<lineWidth>1</lineWidth>
<points>
<point x="678" y="603"/>
<point x="889" y="682"/>
</points>
</Connector>
<Connector class="oracle.dbtools.crest.swingui.relational.TVFKRelation" oid="C6E5319E-DCA9-0F11-CA41-BE6BF25DEAB1" otype="FKIndexAssociation" vid_source="872FF344-FA4D-63F0-479D-74A1264759EC" vid_target="CCC4E341-31DA-9504-255B-5876209D9B84">
<hideElementsInCurrentOnly>false</hideElementsInCurrentOnly>
<backgroundColor>-16777216</backgroundColor>
<lineWidth>1</lineWidth>
<points>
<point x="1056" y="20"/>
<point x="1363" y="23"/>
</points>
</Connector>
<Connector class="oracle.dbtools.crest.swingui.relational.TVFKRelation" oid="CE96D67C-4089-7E3D-FFF8-A7DE0F705B28" otype="FKIndexAssociation" vid_source="562D7867-8337-1C64-88AF-A750B10F126A" vid_target="5C454A05-4960-B877-47E9-F715B8A1AE55">
<hideElementsInCurrentOnly>false</hideElementsInCurrentOnly>
<backgroundColor>-16777216</backgroundColor>
<lineWidth>1</lineWidth>
<points>
<point x="678" y="515"/>
<point x="974" y="515"/>
</points>
</Connector>
<Connector class="oracle.dbtools.crest.swingui.relational.TVFKRelation" oid="D6C9D348-4B9C-7863-5FC0-2CC20C2980EE" otype="FKIndexAssociation" vid_source="F0E7DD33-4942-74BB-6B8D-5EFD8A400811" vid_target="98FF3D7A-BE1B-97E2-FA9A-739A76FA3BF1">
<hideElementsInCurrentOnly>false</hideElementsInCurrentOnly>
<backgroundColor>-16777216</backgroundColor>
<lineWidth>1</lineWidth>
<points>
<point x="1320" y="378"/>
<point x="1320" y="290"/>
</points>
</Connector>
<Connector class="oracle.dbtools.crest.swingui.relational.TVFKRelation" oid="DF043A09-142B-8835-3268-C44F375C5B3E" otype="FKIndexAssociation" vid_source="98FF3D7A-BE1B-97E2-FA9A-739A76FA3BF1" vid_target="8022BAD7-4B05-2772-3337-75CF6A8E757E">
<hideElementsInCurrentOnly>false</hideElementsInCurrentOnly>
<backgroundColor>-16777216</backgroundColor>
<lineWidth>1</lineWidth>
<points>
<point x="1099" y="262"/>
<point x="669" y="262"/>
</points>
</Connector>
<Connector class="oracle.dbtools.crest.swingui.relational.TVFKRelation" oid="DF2B662E-C568-EBFF-F24C-265560B997E8" otype="FKIndexAssociation" vid_source="7BDD789E-3581-0B7B-31A0-FED1A200F349" vid_target="E77F8D98-DD06-CB7D-401B-09B26A9A4C0E">
<hideElementsInCurrentOnly>false</hideElementsInCurrentOnly>
<backgroundColor>-16777216</backgroundColor>
<lineWidth>1</lineWidth>
<points>
<point x="239" y="451"/>
<point x="239" y="404"/>
</points>
</Connector>
<Connector class="oracle.dbtools.crest.swingui.relational.TVFKRelation" oid="E4E242E8-4CEE-7B6C-C17C-41CAC2C4230D" otype="FKIndexAssociation" vid_source="5CF3528A-B350-E7C0-9B4B-A0AAA79949CB" vid_target="872FF344-FA4D-63F0-479D-74A1264759EC">
<hideElementsInCurrentOnly>false</hideElementsInCurrentOnly>
<backgroundColor>-16777216</backgroundColor>
<lineWidth>1</lineWidth>
<points>
<point x="290" y="70"/>
<point x="824" y="70"/>
</points>
</Connector>
<Connector class="oracle.dbtools.crest.swingui.relational.TVFKRelation" oid="F2E68621-850C-DA10-E75C-2CCF98318F88" otype="FKIndexAssociation" vid_source="F0E7DD33-4942-74BB-6B8D-5EFD8A400811" vid_target="5C454A05-4960-B877-47E9-F715B8A1AE55">
<hideElementsInCurrentOnly>false</hideElementsInCurrentOnly>
<backgroundColor>-16777216</backgroundColor>
<lineWidth>1</lineWidth>
<points>
<point x="1312" y="417"/>
<point x="1261" y="417"/>
</points>
</Connector>
<Connector class="oracle.dbtools.crest.swingui.relational.TVFKRelation" oid="F503BD45-CAEC-D9EE-309A-C92A373A25A6" otype="FKIndexAssociation" vid_source="562D7867-8337-1C64-88AF-A750B10F126A" vid_target="18A32A4D-204E-3793-94BE-8F5F72B7793D">
<hideElementsInCurrentOnly>false</hideElementsInCurrentOnly>
<backgroundColor>-16777216</backgroundColor>
<lineWidth>1</lineWidth>
<points>
<point x="678" y="573"/>
<point x="1236" y="574"/>
</points>
</Connector>
</connectors>
<arcs>
<Arc class="oracle.dbtools.crest.swingui.relational.TVFKArc" oid="91FDFE99-AC7F-A220-FF9D-D154BF49906A" otype="FKArc" vid="DCBE421A-F6BE-E13C-53DD-166F0BAD92FF">
<hideElementsInCurrentOnly>false</hideElementsInCurrentOnly>
<bounds x="403" y="62" width="286" height="308"/>
</Arc>
</arcs>
<displays>
<Display class="oracle.dbtools.crest.swingui.relational.DPVRelational" name="Display_1" id="A5D7C677-DA18-40A9-DD14-951CE1BDDBA0">
<createdBy>k3acp</createdBy>
<modifiedBy>k3acp</modifiedBy>
<createdTime>2024-06-24 09:40:37 UTC</createdTime>
<autoRoute>false</autoRoute>
<boxInbox>true</boxInbox>
<showLegend>false</showLegend>
<showLabels>false</showLabels>
<showRelAttributes>false</showRelAttributes>
<gridEnabled>false</gridEnabled>
<showGrid>false</showGrid>
<diagramColor>-1</diagramColor>
<display>true</display>
<notation>1</notation>
<objectViews>
<OView class="oracle.dbtools.crest.swingui.relational.TVTable" oid="0BBAC7B1-06AD-D858-AC22-09A26ED55A4A" otype="Table" vid="3155C9DA-A832-A6C3-DF08-937E83443805">
<hideElementsInCurrentOnly>false</hideElementsInCurrentOnly>
<bounds x="1236" y="542" width="304" height="193"/>
</OView>
<OView class="oracle.dbtools.crest.swingui.relational.TVTable" oid="3B46772C-E453-290E-054A-9E049BC685D0" otype="Table" vid="39722AA8-CF15-72BA-E982-C481EAE5DA8C">
<hideElementsInCurrentOnly>false</hideElementsInCurrentOnly>
<bounds x="824" y="7" width="232" height="214"/>
</OView>
<OView class="oracle.dbtools.crest.swingui.relational.TVTable" oid="3C0A15F2-AACE-B021-9BA9-6F51FC7B11F2" otype="Table" vid="B4A6D174-A766-FB8D-CA7D-536A4B2B0546">
<hideElementsInCurrentOnly>false</hideElementsInCurrentOnly>
<bounds x="262" y="726" width="220" height="77"/>
</OView>
<OView class="oracle.dbtools.crest.swingui.relational.TVTable" oid="48A01202-89EA-DE97-EAB4-22EB842FD724" otype="Table" vid="D499E88D-9711-7CCC-D141-FFBBA9322E06">
<hideElementsInCurrentOnly>false</hideElementsInCurrentOnly>
<bounds x="423" y="82" width="246" height="268"/>
</OView>
<OView class="oracle.dbtools.crest.swingui.relational.TVTable" oid="5074D37C-8BDE-5894-62E3-1E6E6F304876" otype="Table" vid="F0045D26-283E-9623-F0F5-69E1828A5FDE">
<hideElementsInCurrentOnly>false</hideElementsInCurrentOnly>
<bounds x="889" y="670" width="307" height="175"/>
</OView>
<OView class="oracle.dbtools.crest.swingui.relational.TVTable" oid="6F5E18AA-C8AE-2BB4-B905-BEBF23F99195" otype="Table" vid="67F108D9-5268-83A4-9E0B-8DDC7FF82975">
<hideElementsInCurrentOnly>false</hideElementsInCurrentOnly>
<bounds x="712" y="308" width="221" height="102"/>
</OView>
<OView class="oracle.dbtools.crest.swingui.relational.TVTable" oid="703E379B-02B1-AE3B-CBE8-21E79B2BE154" otype="Table" vid="8E00F3C0-691E-0DEA-E0D2-A1D8DAF30EAE">
<hideElementsInCurrentOnly>false</hideElementsInCurrentOnly>
<bounds x="6" y="451" width="321" height="193"/>
</OView>
<OView class="oracle.dbtools.crest.swingui.relational.TVTable" oid="85AC8798-9BC1-72A4-8D59-33C4479CEE68" otype="Table" vid="F35A4A62-8743-1EA7-52DA-368ADDDF4838">
<hideElementsInCurrentOnly>false</hideElementsInCurrentOnly>
<bounds x="974" y="314" width="287" height="217"/>
</OView>
<OView class="oracle.dbtools.crest.swingui.relational.TVTable" oid="A09B5931-20C6-69F8-0981-D0E9D6B20B5B" otype="Table" vid="83F278E6-1734-3073-D664-8E3B19969CC3">
<hideElementsInCurrentOnly>false</hideElementsInCurrentOnly>
<bounds x="25" y="17" width="265" height="167"/>
</OView>
<OView class="oracle.dbtools.crest.swingui.relational.TVTable" oid="AFD44E57-8C60-1486-7671-DE2FD5545AB4" otype="Table" vid="5F7A8CA3-C745-1B03-24FF-7C666FF1D263">
<hideElementsInCurrentOnly>false</hideElementsInCurrentOnly>
<bounds x="16" y="676" width="225" height="80"/>
</OView>
<OView class="oracle.dbtools.crest.swingui.relational.TVTable" oid="B19CF56D-F530-EB21-9CF5-CBD76F3C9A93" otype="Table" vid="4EC90162-7585-7A0D-BCC3-F9866F6AEC77">
<hideElementsInCurrentOnly>false</hideElementsInCurrentOnly>
<bounds x="1099" y="85" width="229" height="205"/>
</OView>
<OView class="oracle.dbtools.crest.swingui.relational.TVTable" oid="BB38210C-E58A-1373-CB45-AAD3D266AD3F" otype="Table" vid="45FFC35D-864C-9336-FA8E-E0BC057F5486">
<hideElementsInCurrentOnly>false</hideElementsInCurrentOnly>
<bounds x="91" y="239" width="284" height="165"/>
</OView>
<OView class="oracle.dbtools.crest.swingui.relational.TVTable" oid="BD819225-5B63-20F8-4308-F61EAC3FC177" otype="Table" vid="CBD5EFCF-6CB9-AEE8-31CD-C5CED5A7C6B8">
<hideElementsInCurrentOnly>false</hideElementsInCurrentOnly>
<bounds x="1312" y="378" width="206" height="79"/>
</OView>
<OView class="oracle.dbtools.crest.swingui.relational.TVTable" oid="C52F52F0-2C62-BE96-A38B-7C6E66BCCF29" otype="Table" vid="356BCCA3-023C-AC8B-19FF-4C5575C16CF8">
<hideElementsInCurrentOnly>false</hideElementsInCurrentOnly>
<bounds x="1363" y="8" width="308" height="173"/>
</OView>
<OView class="oracle.dbtools.crest.swingui.relational.TVTable" oid="D97CA35C-A192-B975-8E52-FB868418DEBF" otype="Table" vid="91232A69-F418-B8C4-7D07-3B007A8EEA4C">
<hideElementsInCurrentOnly>false</hideElementsInCurrentOnly>
<bounds x="538" y="684" width="234" height="179"/>
</OView>
<OView class="oracle.dbtools.crest.swingui.relational.TVTable" oid="F3F80116-3911-FFDB-FFC0-A86739540843" otype="Table" vid="F5B20227-4F46-74E3-360C-E89EF14AE133">
<hideElementsInCurrentOnly>false</hideElementsInCurrentOnly>
<bounds x="461" y="439" width="217" height="175"/>
</OView>
</objectViews>
<connectors>
<Connector class="oracle.dbtools.crest.swingui.relational.TVFKRelation" oid="0A74DCFF-E79F-713B-ACA1-80EFEADFE555" otype="FKIndexAssociation" vid_source="D499E88D-9711-7CCC-D141-FFBBA9322E06" vid_target="39722AA8-CF15-72BA-E982-C481EAE5DA8C">
<hideElementsInCurrentOnly>false</hideElementsInCurrentOnly>
<backgroundColor>-16777216</backgroundColor>
<lineWidth>1</lineWidth>
<points>
<point x="669" y="151"/>
<point x="824" y="151"/>
</points>
</Connector>
<Connector class="oracle.dbtools.crest.swingui.relational.TVFKRelation" oid="0DC40FEF-A344-9A8E-4802-DFF4FA9FC6B3" otype="FKIndexAssociation" vid_source="91232A69-F418-B8C4-7D07-3B007A8EEA4C" vid_target="F5B20227-4F46-74E3-360C-E89EF14AE133">
<hideElementsInCurrentOnly>false</hideElementsInCurrentOnly>
<backgroundColor>-16777216</backgroundColor>
<lineWidth>1</lineWidth>
<points>
<point x="608" y="684"/>
<point x="608" y="614"/>
</points>
</Connector>
<Connector class="oracle.dbtools.crest.swingui.relational.TVFKRelation" oid="16216649-732E-8C8A-B89D-DE3C94035FB0" otype="FKIndexAssociation" vid_source="67F108D9-5268-83A4-9E0B-8DDC7FF82975" vid_target="F35A4A62-8743-1EA7-52DA-368ADDDF4838">
<hideElementsInCurrentOnly>false</hideElementsInCurrentOnly>
<backgroundColor>-16777216</backgroundColor>
<lineWidth>1</lineWidth>
<points>
<point x="933" y="362"/>
<point x="974" y="362"/>
</points>
</Connector>
<Connector class="oracle.dbtools.crest.swingui.relational.TVFKRelation" oid="1B195B18-D270-E1E2-C3C3-F730CFBF568D" otype="FKIndexAssociation" vid_source="91232A69-F418-B8C4-7D07-3B007A8EEA4C" vid_target="F0045D26-283E-9623-F0F5-69E1828A5FDE">
<hideElementsInCurrentOnly>false</hideElementsInCurrentOnly>
<backgroundColor>-16777216</backgroundColor>
<lineWidth>1</lineWidth>
<points>
<point x="772" y="764"/>
<point x="889" y="764"/>
</points>
</Connector>
<Connector class="oracle.dbtools.crest.swingui.relational.TVFKRelation" oid="1DFB0A9A-BAE8-CDAF-A503-B8DDB821E186" otype="FKIndexAssociation" vid_source="45FFC35D-864C-9336-FA8E-E0BC057F5486" vid_target="8E00F3C0-691E-0DEA-E0D2-A1D8DAF30EAE">
<hideElementsInCurrentOnly>false</hideElementsInCurrentOnly>
<backgroundColor>-16777216</backgroundColor>
<lineWidth>1</lineWidth>
<points>
<point x="209" y="404"/>
<point x="209" y="451"/>
</points>
</Connector>
<Connector class="oracle.dbtools.crest.swingui.relational.TVFKRelation" oid="1EC946A6-19D5-635E-1D55-91933DCE1E7D" otype="FKIndexAssociation" vid_source="83F278E6-1734-3073-D664-8E3B19969CC3" vid_target="45FFC35D-864C-9336-FA8E-E0BC057F5486">
<hideElementsInCurrentOnly>false</hideElementsInCurrentOnly>
<backgroundColor>-16777216</backgroundColor>
<lineWidth>1</lineWidth>
<points>
<point x="190" y="184"/>
<point x="190" y="239"/>
</points>
</Connector>
<Connector class="oracle.dbtools.crest.swingui.relational.TVFKRelation" oid="20465CA0-1869-6FF3-6A8D-75605A595326" otype="FKIndexAssociation" vid_source="B4A6D174-A766-FB8D-CA7D-536A4B2B0546" vid_target="D499E88D-9711-7CCC-D141-FFBBA9322E06">
<hideElementsInCurrentOnly>false</hideElementsInCurrentOnly>
<backgroundColor>-16777216</backgroundColor>
<lineWidth>1</lineWidth>
<points>
<point x="452" y="726"/>
<point x="452" y="350"/>
</points>
</Connector>
<Connector class="oracle.dbtools.crest.swingui.relational.TVFKRelation" oid="386AD5EE-56C3-323B-4A69-C0D3BA823E0F" otype="FKIndexAssociation" vid_source="D499E88D-9711-7CCC-D141-FFBBA9322E06" vid_target="F5B20227-4F46-74E3-360C-E89EF14AE133">
<hideElementsInCurrentOnly>false</hideElementsInCurrentOnly>
<backgroundColor>-16777216</backgroundColor>
<lineWidth>1</lineWidth>
<points>
<point x="565" y="350"/>
<point x="565" y="439"/>
</points>
</Connector>
<Connector class="oracle.dbtools.crest.swingui.relational.TVFKRelation" oid="55BA0338-0CFE-4ECE-EF72-6A48B955D3BE" otype="FKIndexAssociation" vid_source="83F278E6-1734-3073-D664-8E3B19969CC3" vid_target="8E00F3C0-691E-0DEA-E0D2-A1D8DAF30EAE">
<hideElementsInCurrentOnly>false</hideElementsInCurrentOnly>
<backgroundColor>-16777216</backgroundColor>
<lineWidth>1</lineWidth>
<points>
<point x="157" y="184"/>
<point x="157" y="451"/>
</points>
</Connector>
<Connector class="oracle.dbtools.crest.swingui.relational.TVFKRelation" oid="60D23049-75DF-08E6-9715-6F7A02ABF925" otype="FKIndexAssociation" vid_source="67F108D9-5268-83A4-9E0B-8DDC7FF82975" vid_target="39722AA8-CF15-72BA-E982-C481EAE5DA8C">
<hideElementsInCurrentOnly>false</hideElementsInCurrentOnly>
<backgroundColor>-16777216</backgroundColor>
<lineWidth>1</lineWidth>
<points>
<point x="878" y="308"/>
<point x="878" y="221"/>
</points>
</Connector>
<Connector class="oracle.dbtools.crest.swingui.relational.TVFKRelation" oid="80F010F0-66B0-BDF5-0506-880EADA544F1" otype="FKIndexAssociation" vid_source="B4A6D174-A766-FB8D-CA7D-536A4B2B0546" vid_target="91232A69-F418-B8C4-7D07-3B007A8EEA4C">
<hideElementsInCurrentOnly>false</hideElementsInCurrentOnly>
<backgroundColor>-16777216</backgroundColor>
<lineWidth>1</lineWidth>
<points>
<point x="482" y="764"/>
<point x="538" y="764"/>
</points>
</Connector>
<Connector class="oracle.dbtools.crest.swingui.relational.TVFKRelation" oid="AED6A46A-90EC-0D4C-6129-F60AED41AD89" otype="FKIndexAssociation" vid_source="3155C9DA-A832-A6C3-DF08-937E83443805" vid_target="356BCCA3-023C-AC8B-19FF-4C5575C16CF8">
<hideElementsInCurrentOnly>false</hideElementsInCurrentOnly>
<backgroundColor>-16777216</backgroundColor>
<lineWidth>1</lineWidth>
<points>
<point x="1530" y="542"/>
<point x="1529" y="181"/>
</points>
</Connector>
<Connector class="oracle.dbtools.crest.swingui.relational.TVFKRelation" oid="B8CD2480-A52B-C01A-8B14-4A4ED9180107" otype="FKIndexAssociation" vid_source="5F7A8CA3-C745-1B03-24FF-7C666FF1D263" vid_target="8E00F3C0-691E-0DEA-E0D2-A1D8DAF30EAE">
<hideElementsInCurrentOnly>false</hideElementsInCurrentOnly>
<backgroundColor>-16777216</backgroundColor>
<lineWidth>1</lineWidth>
<points>
<point x="128" y="676"/>
<point x="128" y="644"/>
</points>
</Connector>
<Connector class="oracle.dbtools.crest.swingui.relational.TVFKRelation" oid="C56771F1-0575-D25B-9AA4-9A31AEDCA329" otype="FKIndexAssociation" vid_source="F5B20227-4F46-74E3-360C-E89EF14AE133" vid_target="F0045D26-283E-9623-F0F5-69E1828A5FDE">
<hideElementsInCurrentOnly>false</hideElementsInCurrentOnly>
<backgroundColor>-16777216</backgroundColor>
<lineWidth>1</lineWidth>
<points>
<point x="678" y="595"/>
<point x="889" y="682"/>
</points>
</Connector>
<Connector class="oracle.dbtools.crest.swingui.relational.TVFKRelation" oid="C6E5319E-DCA9-0F11-CA41-BE6BF25DEAB1" otype="FKIndexAssociation" vid_source="39722AA8-CF15-72BA-E982-C481EAE5DA8C" vid_target="356BCCA3-023C-AC8B-19FF-4C5575C16CF8">
<hideElementsInCurrentOnly>false</hideElementsInCurrentOnly>
<backgroundColor>-16777216</backgroundColor>
<lineWidth>1</lineWidth>
<points>
<point x="1056" y="94"/>
<point x="1363" y="94"/>
</points>
</Connector>
<Connector class="oracle.dbtools.crest.swingui.relational.TVFKRelation" oid="CE96D67C-4089-7E3D-FFF8-A7DE0F705B28" otype="FKIndexAssociation" vid_source="F5B20227-4F46-74E3-360C-E89EF14AE133" vid_target="F35A4A62-8743-1EA7-52DA-368ADDDF4838">
<hideElementsInCurrentOnly>false</hideElementsInCurrentOnly>
<backgroundColor>-16777216</backgroundColor>
<lineWidth>1</lineWidth>
<points>
<point x="678" y="485"/>
<point x="974" y="485"/>
</points>
</Connector>
<Connector class="oracle.dbtools.crest.swingui.relational.TVFKRelation" oid="D6C9D348-4B9C-7863-5FC0-2CC20C2980EE" otype="FKIndexAssociation" vid_source="CBD5EFCF-6CB9-AEE8-31CD-C5CED5A7C6B8" vid_target="4EC90162-7585-7A0D-BCC3-F9866F6AEC77">
<hideElementsInCurrentOnly>false</hideElementsInCurrentOnly>
<backgroundColor>-16777216</backgroundColor>
<lineWidth>1</lineWidth>
<points>
<point x="1320" y="378"/>
<point x="1320" y="290"/>
</points>
</Connector>
<Connector class="oracle.dbtools.crest.swingui.relational.TVFKRelation" oid="DF043A09-142B-8835-3268-C44F375C5B3E" otype="FKIndexAssociation" vid_source="4EC90162-7585-7A0D-BCC3-F9866F6AEC77" vid_target="D499E88D-9711-7CCC-D141-FFBBA9322E06">
<hideElementsInCurrentOnly>false</hideElementsInCurrentOnly>
<backgroundColor>-16777216</backgroundColor>
<lineWidth>1</lineWidth>
<points>
<point x="1099" y="187"/>
<point x="669" y="187"/>
</points>
</Connector>
<Connector class="oracle.dbtools.crest.swingui.relational.TVFKRelation" oid="DF2B662E-C568-EBFF-F24C-265560B997E8" otype="FKIndexAssociation" vid_source="8E00F3C0-691E-0DEA-E0D2-A1D8DAF30EAE" vid_target="45FFC35D-864C-9336-FA8E-E0BC057F5486">
<hideElementsInCurrentOnly>false</hideElementsInCurrentOnly>
<backgroundColor>-16777216</backgroundColor>
<lineWidth>1</lineWidth>
<points>
<point x="224" y="451"/>
<point x="224" y="404"/>
</points>
</Connector>
<Connector class="oracle.dbtools.crest.swingui.relational.TVFKRelation" oid="E4E242E8-4CEE-7B6C-C17C-41CAC2C4230D" otype="FKIndexAssociation" vid_source="83F278E6-1734-3073-D664-8E3B19969CC3" vid_target="39722AA8-CF15-72BA-E982-C481EAE5DA8C">
<hideElementsInCurrentOnly>false</hideElementsInCurrentOnly>
<backgroundColor>-16777216</backgroundColor>
<lineWidth>1</lineWidth>
<points>
<point x="290" y="100"/>
<point x="824" y="100"/>
</points>
</Connector>
<Connector class="oracle.dbtools.crest.swingui.relational.TVFKRelation" oid="F2E68621-850C-DA10-E75C-2CCF98318F88" otype="FKIndexAssociation" vid_source="CBD5EFCF-6CB9-AEE8-31CD-C5CED5A7C6B8" vid_target="F35A4A62-8743-1EA7-52DA-368ADDDF4838">
<hideElementsInCurrentOnly>false</hideElementsInCurrentOnly>
<backgroundColor>-16777216</backgroundColor>
<lineWidth>1</lineWidth>
<points>
<point x="1312" y="417"/>
<point x="1261" y="417"/>
</points>
</Connector>
<Connector class="oracle.dbtools.crest.swingui.relational.TVFKRelation" oid="F503BD45-CAEC-D9EE-309A-C92A373A25A6" otype="FKIndexAssociation" vid_source="F5B20227-4F46-74E3-360C-E89EF14AE133" vid_target="3155C9DA-A832-A6C3-DF08-937E83443805">
<hideElementsInCurrentOnly>false</hideElementsInCurrentOnly>
<backgroundColor>-16777216</backgroundColor>
<lineWidth>1</lineWidth>
<points>
<point x="678" y="559"/>
<point x="1236" y="558"/>
</points>
</Connector>
</connectors>
<arcs>
<Arc class="oracle.dbtools.crest.swingui.relational.TVFKArc" oid="91FDFE99-AC7F-A220-FF9D-D154BF49906A" otype="FKArc" vid="39F24006-0816-DC20-2374-408797301739">
<hideElementsInCurrentOnly>false</hideElementsInCurrentOnly>
<bounds x="403" y="62" width="286" height="308"/>
</Arc>
</arcs>
</Display>
</displays>
</Diagram>