<?xml version = '1.0' encoding = 'UTF-8'?>
<Diagram class="oracle.dbtools.crest.swingui.relational.DPVRelationalSubView" name="From_LM_Logical - SubView_1" id="8A08B659-EEED-C96E-730D-BE87360B015B">
<createdBy>k3acp</createdBy>
<modifiedBy>k3acp</modifiedBy>
<createdTime>2024-06-21 18:04:45 UTC</createdTime>
<autoRoute>false</autoRoute>
<boxInbox>true</boxInbox>
<showLegend>false</showLegend>
<showLabels>false</showLabels>
<showRelAttributes>false</showRelAttributes>
<gridEnabled>false</gridEnabled>
<showGrid>false</showGrid>
<diagramColor>-1</diagramColor>
<display>false</display>
<generatorId>78A729D4-14BD-0670-24A9-BF67CD11BE80</generatorId>
<notation>1</notation>
</Diagram>