<?xml version = '1.0' encoding = 'UTF-8'?>
<FKIndexAssociation class="oracle.dbtools.crest.model.design.relational.FKIndexAssociation" directorySegmentName="seg_0" id="0A74DCFF-E79F-713B-ACA1-80EFEADFE555" containerWithKeyObject="3B46772C-E453-290E-054A-9E049BC685D0" localFKIndex="7ADDECB2-0829-9073-12F4-23228F85F432" name="Riders_Members_FK">
<createdBy>k3acp</createdBy>
<createdTime>2024-06-11 10:59:56 UTC</createdTime>
<generatorID>F261C4C0-86C3-0963-106D-2F2FD937CBDD</generatorID>
<ownerDesignName>aaaaaaaaaaa-baza</ownerDesignName>
<referredTableLongName>Members</referredTableLongName>
<arc>91FDFE99-AC7F-A220-FF9D-D154BF49906A</arc>
<deleteRule>NO ACTION</deleteRule>
<referredTableID>48A01202-89EA-DE97-EAB4-22EB842FD724</referredTableID>
<keyObject>E7865213-CC01-3D59-0DF2-1272EA7FD3DE</keyObject>
<referredKeyID>E7865213-CC01-3D59-0DF2-1272EA7FD3DE</referredKeyID>
<mandatory>true</mandatory>
<refColNames>id</refColNames>
<transferable>true</transferable>
<rely>false</rely>
<columnDependencyConstraintGenerateInDDL>true</columnDependencyConstraintGenerateInDDL>
</FKIndexAssociation>