<?xml version = '1.0' encoding = 'UTF-8'?>
<FKIndexAssociation class="oracle.dbtools.crest.model.design.relational.FKIndexAssociation" directorySegmentName="seg_0" id="0DC40FEF-A344-9A8E-4802-DFF4FA9FC6B3" containerWithKeyObject="F3F80116-3911-FFDB-FFC0-A86739540843" localFKIndex="D715B06F-2BEB-862E-1700-69CA189189A9" name="Employees_Positions_FK">
<createdBy>k3acp</createdBy>
<createdTime>2024-06-11 10:59:56 UTC</createdTime>
<generatorID>BE48B177-BD9C-DBFA-F5C4-BCDE5E4A9772</generatorID>
<ownerDesignName>aaaaaaaaaaa-baza</ownerDesignName>
<referredTableLongName>Positions</referredTableLongName>
<deleteRule>NO ACTION</deleteRule>
<referredTableID>D97CA35C-A192-B975-8E52-FB868418DEBF</referredTableID>
<keyObject>0846DA2A-D88E-1FEF-5674-D9E776A64958</keyObject>
<referredKeyID>0846DA2A-D88E-1FEF-5674-D9E776A64958</referredKeyID>
<mandatory>true</mandatory>
<refColNames>id</refColNames>
<transferable>true</transferable>
<rely>false</rely>
<columnDependencyConstraintGenerateInDDL>true</columnDependencyConstraintGenerateInDDL>
</FKIndexAssociation>