<?xml version = '1.0' encoding = 'UTF-8'?>
<FKIndexAssociation class="oracle.dbtools.crest.model.design.relational.FKIndexAssociation" directorySegmentName="seg_0" id="16216649-732E-8C8A-B89D-DE3C94035FB0" containerWithKeyObject="85AC8798-9BC1-72A4-8D59-33C4479CEE68" localFKIndex="018FEFE6-7025-5668-0939-6552A3F1A1FD" name="Classes_Groups_FK">
<createdBy>k3acp</createdBy>
<createdTime>2024-06-11 10:59:56 UTC</createdTime>
<generatorID>5447775F-4D15-621E-FF0E-2B280FEFF8DB</generatorID>
<ownerDesignName>aaaaaaaaaaa-baza</ownerDesignName>
<referredTableLongName>Groups</referredTableLongName>
<deleteRule>NO ACTION</deleteRule>
<referredTableID>6F5E18AA-C8AE-2BB4-B905-BEBF23F99195</referredTableID>
<keyObject>83A5C21C-BBCF-F114-DB31-110D9B122B8C</keyObject>
<referredKeyID>83A5C21C-BBCF-F114-DB31-110D9B122B8C</referredKeyID>
<mandatory>true</mandatory>
<refColNames>id</refColNames>
<transferable>true</transferable>
<rely>false</rely>
<columnDependencyConstraintGenerateInDDL>true</columnDependencyConstraintGenerateInDDL>
</FKIndexAssociation>