<?xml version = '1.0' encoding = 'UTF-8'?>
<FKIndexAssociation class="oracle.dbtools.crest.model.design.relational.FKIndexAssociation" directorySegmentName="seg_0" id="1B195B18-D270-E1E2-C3C3-F730CFBF568D" containerWithKeyObject="5074D37C-8BDE-5894-62E3-1E6E6F304876" localFKIndex="E358DF58-58C9-CC45-1A5A-7AB340F84017" name="Positions_History_Positions_FK">
<createdBy>k3acp</createdBy>
<createdTime>2024-06-24 09:18:23 UTC</createdTime>
<generatorID>4F600C87-F7A3-B1B5-F133-0CF118A21B2F</generatorID>
<ownerDesignName>aaaaaaaaaaa-baza</ownerDesignName>
<referredTableLongName>Positions</referredTableLongName>
<deleteRule>NO ACTION</deleteRule>
<referredTableID>D97CA35C-A192-B975-8E52-FB868418DEBF</referredTableID>
<keyObject>0846DA2A-D88E-1FEF-5674-D9E776A64958</keyObject>
<referredKeyID>0846DA2A-D88E-1FEF-5674-D9E776A64958</referredKeyID>
<mandatory>true</mandatory>
<refColNames>id</refColNames>
<transferable>true</transferable>
<rely>false</rely>
<columnDependencyConstraintGenerateInDDL>true</columnDependencyConstraintGenerateInDDL>
</FKIndexAssociation>