<?xml version = '1.0' encoding = 'UTF-8'?>
<FKIndexAssociation class="oracle.dbtools.crest.model.design.relational.FKIndexAssociation" directorySegmentName="seg_0" id="1DFB0A9A-BAE8-CDAF-A503-B8DDB821E186" containerWithKeyObject="703E379B-02B1-AE3B-CBE8-21E79B2BE154" localFKIndex="BB1CEFFD-6383-23AB-9670-B5A889748EEF" name="Accessories_Horses_Accessories_FK">
<createdBy>k3acp</createdBy>
<createdTime>2024-06-24 09:30:13 UTC</createdTime>
<generatorID>E970B119-5A89-90AE-EC2C-A5EA3921D11A</generatorID>
<ownerDesignName>aaaaaaaaaaa-baza</ownerDesignName>
<referredTableLongName>Horses_Accessories</referredTableLongName>
<deleteRule>NO ACTION</deleteRule>
<referredTableID>BB38210C-E58A-1373-CB45-AAD3D266AD3F</referredTableID>
<keyObject>4CAEDBD0-F1D9-26B2-4E03-C890F46287A7</keyObject>
<referredKeyID>4CAEDBD0-F1D9-26B2-4E03-C890F46287A7</referredKeyID>
<mandatory>true</mandatory>
<refColNames>id</refColNames>
<transferable>true</transferable>
<rely>false</rely>
<columnDependencyConstraintGenerateInDDL>true</columnDependencyConstraintGenerateInDDL>
</FKIndexAssociation>