<?xml version = '1.0' encoding = 'UTF-8'?>
<FKIndexAssociation class="oracle.dbtools.crest.model.design.relational.FKIndexAssociation" directorySegmentName="seg_0" id="1EC946A6-19D5-635E-1D55-91933DCE1E7D" containerWithKeyObject="BB38210C-E58A-1373-CB45-AAD3D266AD3F" localFKIndex="B8607F2C-D992-BC2A-1598-15945B1EBD53" name="Horses_Accessories_Horses_FK">
<createdBy>k3acp</createdBy>
<createdTime>2024-06-24 08:44:29 UTC</createdTime>
<generatorID>FC2FE35C-4E5A-BE96-46CC-D633F08B3FE2</generatorID>
<ownerDesignName>aaaaaaaaaaa-baza</ownerDesignName>
<referredTableLongName>Horses</referredTableLongName>
<deleteRule>NO ACTION</deleteRule>
<referredTableID>A09B5931-20C6-69F8-0981-D0E9D6B20B5B</referredTableID>
<keyObject>0AF77490-9C3E-1170-119B-47BE1F83682A</keyObject>
<referredKeyID>0AF77490-9C3E-1170-119B-47BE1F83682A</referredKeyID>
<mandatory>true</mandatory>
<refColNames>id</refColNames>
<transferable>true</transferable>
<rely>false</rely>
<columnDependencyConstraintGenerateInDDL>true</columnDependencyConstraintGenerateInDDL>
</FKIndexAssociation>