<?xml version = '1.0' encoding = 'UTF-8'?>
<FKIndexAssociation class="oracle.dbtools.crest.model.design.relational.FKIndexAssociation" directorySegmentName="seg_0" id="20465CA0-1869-6FF3-6A8D-75605A595326" containerWithKeyObject="48A01202-89EA-DE97-EAB4-22EB842FD724" localFKIndex="B7A72E25-08F3-EACE-37C7-D0C11B5581E2" name="Members_Licence_FK">
<createdBy>k3acp</createdBy>
<createdTime>2024-06-24 09:18:23 UTC</createdTime>
<generatorID>8DB780A5-B88D-591C-857A-BBD6F443F1BB</generatorID>
<ownerDesignName>aaaaaaaaaaa-baza</ownerDesignName>
<referredTableLongName>Licence</referredTableLongName>
<deleteRule>NO ACTION</deleteRule>
<referredTableID>3C0A15F2-AACE-B021-9BA9-6F51FC7B11F2</referredTableID>
<keyObject>0E04EFBF-9A5A-9905-7F79-20176686C13A</keyObject>
<referredKeyID>0E04EFBF-9A5A-9905-7F79-20176686C13A</referredKeyID>
<mandatory>false</mandatory>
<refColNames>id</refColNames>
<transferable>true</transferable>
<rely>false</rely>
<columnDependencyConstraintGenerateInDDL>true</columnDependencyConstraintGenerateInDDL>
</FKIndexAssociation>