<?xml version = '1.0' encoding = 'UTF-8'?>
<FKIndexAssociation class="oracle.dbtools.crest.model.design.relational.FKIndexAssociation" directorySegmentName="seg_0" id="386AD5EE-56C3-323B-4A69-C0D3BA823E0F" containerWithKeyObject="F3F80116-3911-FFDB-FFC0-A86739540843" localFKIndex="C1BC7C2F-CBD6-C056-12EF-E32FDA15C4C0" name="Employees_Members_FK">
<createdBy>k3acp</createdBy>
<createdTime>2024-06-11 10:59:56 UTC</createdTime>
<generatorID>5F328026-176E-E149-9623-A4184A635183</generatorID>
<ownerDesignName>aaaaaaaaaaa-baza</ownerDesignName>
<referredTableLongName>Members</referredTableLongName>
<arc>91FDFE99-AC7F-A220-FF9D-D154BF49906A</arc>
<deleteRule>NO ACTION</deleteRule>
<referredTableID>48A01202-89EA-DE97-EAB4-22EB842FD724</referredTableID>
<keyObject>E7865213-CC01-3D59-0DF2-1272EA7FD3DE</keyObject>
<referredKeyID>E7865213-CC01-3D59-0DF2-1272EA7FD3DE</referredKeyID>
<mandatory>true</mandatory>
<refColNames>id</refColNames>
<transferable>true</transferable>
<rely>false</rely>
<columnDependencyConstraintGenerateInDDL>true</columnDependencyConstraintGenerateInDDL>
</FKIndexAssociation>