<?xml version = '1.0' encoding = 'UTF-8'?>
<FKIndexAssociation class="oracle.dbtools.crest.model.design.relational.FKIndexAssociation" directorySegmentName="seg_0" id="55BA0338-0CFE-4ECE-EF72-6A48B955D3BE" containerWithKeyObject="703E379B-02B1-AE3B-CBE8-21E79B2BE154" localFKIndex="D3311FE4-FB6C-B3C7-61E1-277E500F3B15" name="Accessories_Horses_FK">
<createdBy>k3acp</createdBy>
<createdTime>2024-06-11 10:59:56 UTC</createdTime>
<generatorID>4633DAB3-6D36-3CB2-665F-4BD17B916191</generatorID>
<ownerDesignName>aaaaaaaaaaa-baza</ownerDesignName>
<referredTableLongName>Horses</referredTableLongName>
<deleteRule>NO ACTION</deleteRule>
<referredTableID>A09B5931-20C6-69F8-0981-D0E9D6B20B5B</referredTableID>
<keyObject>0AF77490-9C3E-1170-119B-47BE1F83682A</keyObject>
<referredKeyID>0AF77490-9C3E-1170-119B-47BE1F83682A</referredKeyID>
<mandatory>true</mandatory>
<refColNames>id</refColNames>
<transferable>true</transferable>
<rely>false</rely>
<columnDependencyConstraintGenerateInDDL>true</columnDependencyConstraintGenerateInDDL>
</FKIndexAssociation>