<?xml version = '1.0' encoding = 'UTF-8'?>
<FKIndexAssociation class="oracle.dbtools.crest.model.design.relational.FKIndexAssociation" directorySegmentName="seg_0" id="60D23049-75DF-08E6-9715-6F7A02ABF925" containerWithKeyObject="3B46772C-E453-290E-054A-9E049BC685D0" localFKIndex="79902CB5-ABBF-43A2-BDF2-AD7135130CAD" name="Riders_Groups_FK">
<createdBy>k3acp</createdBy>
<createdTime>2024-06-24 09:30:13 UTC</createdTime>
<generatorID>383A1F6B-6985-8750-F3C7-B8AE2C1CE2BC</generatorID>
<ownerDesignName>aaaaaaaaaaa-baza</ownerDesignName>
<referredTableLongName>Groups</referredTableLongName>
<deleteRule>NO ACTION</deleteRule>
<referredTableID>6F5E18AA-C8AE-2BB4-B905-BEBF23F99195</referredTableID>
<keyObject>83A5C21C-BBCF-F114-DB31-110D9B122B8C</keyObject>
<referredKeyID>83A5C21C-BBCF-F114-DB31-110D9B122B8C</referredKeyID>
<mandatory>false</mandatory>
<refColNames>id</refColNames>
<transferable>true</transferable>
<rely>false</rely>
<columnDependencyConstraintGenerateInDDL>true</columnDependencyConstraintGenerateInDDL>
</FKIndexAssociation>