<?xml version = '1.0' encoding = 'UTF-8'?>
<FKIndexAssociation class="oracle.dbtools.crest.model.design.relational.FKIndexAssociation" directorySegmentName="seg_0" id="80F010F0-66B0-BDF5-0506-880EADA544F1" containerWithKeyObject="D97CA35C-A192-B975-8E52-FB868418DEBF" localFKIndex="32BB5CF9-1CCC-91F9-54B4-406B9E2B6ACE" name="Positions_Licence_FK">
<createdBy>k3acp</createdBy>
<createdTime>2024-06-24 09:18:23 UTC</createdTime>
<generatorID>9083BB95-91A8-DF2F-11FE-BD4ACCAEFB19</generatorID>
<ownerDesignName>aaaaaaaaaaa-baza</ownerDesignName>
<referredTableLongName>Licence</referredTableLongName>
<deleteRule>NO ACTION</deleteRule>
<referredTableID>3C0A15F2-AACE-B021-9BA9-6F51FC7B11F2</referredTableID>
<keyObject>0E04EFBF-9A5A-9905-7F79-20176686C13A</keyObject>
<referredKeyID>0E04EFBF-9A5A-9905-7F79-20176686C13A</referredKeyID>
<mandatory>false</mandatory>
<refColNames>id</refColNames>
<transferable>true</transferable>
<rely>false</rely>
<columnDependencyConstraintGenerateInDDL>true</columnDependencyConstraintGenerateInDDL>
</FKIndexAssociation>