<?xml version = '1.0' encoding = 'UTF-8'?>
<FKIndexAssociation class="oracle.dbtools.crest.model.design.relational.FKIndexAssociation" directorySegmentName="seg_0" id="AED6A46A-90EC-0D4C-6129-F60AED41AD89" containerWithKeyObject="C52F52F0-2C62-BE96-A38B-7C6E66BCCF29" localFKIndex="C6E1E970-DC31-6B71-BB6A-D067F048AE86" name="Tournament_Participants_Tournaments_FK">
<createdBy>k3acp</createdBy>
<createdTime>2024-06-24 09:18:23 UTC</createdTime>
<generatorID>5D895EF4-D544-1E7B-6980-E75C5D1AEB0C</generatorID>
<ownerDesignName>aaaaaaaaaaa-baza</ownerDesignName>
<referredTableLongName>Tournaments</referredTableLongName>
<deleteRule>NO ACTION</deleteRule>
<referredTableID>0BBAC7B1-06AD-D858-AC22-09A26ED55A4A</referredTableID>
<keyObject>A36FEABE-8404-9E3A-F0C6-5515C6073EBA</keyObject>
<referredKeyID>A36FEABE-8404-9E3A-F0C6-5515C6073EBA</referredKeyID>
<mandatory>true</mandatory>
<refColNames>id</refColNames>
<transferable>true</transferable>
<rely>false</rely>
<columnDependencyConstraintGenerateInDDL>true</columnDependencyConstraintGenerateInDDL>
</FKIndexAssociation>