<?xml version = '1.0' encoding = 'UTF-8'?>
<FKIndexAssociation class="oracle.dbtools.crest.model.design.relational.FKIndexAssociation" directorySegmentName="seg_0" id="B8CD2480-A52B-C01A-8B14-4A4ED9180107" containerWithKeyObject="703E379B-02B1-AE3B-CBE8-21E79B2BE154" localFKIndex="3BDA5C48-63C7-B612-AF5B-EC398DBF0B74" name="Accessories_Accessory_Type_FK">
<createdBy>k3acp</createdBy>
<createdTime>2024-06-24 08:44:29 UTC</createdTime>
<generatorID>DB5C1A01-077C-E7B4-50B6-A8AB3D8715F7</generatorID>
<ownerDesignName>aaaaaaaaaaa-baza</ownerDesignName>
<referredTableLongName>Accessory_Type</referredTableLongName>
<deleteRule>NO ACTION</deleteRule>
<referredTableID>AFD44E57-8C60-1486-7671-DE2FD5545AB4</referredTableID>
<keyObject>E4A0F5BF-E9D7-061D-F836-FD5EBDCC6E4F</keyObject>
<referredKeyID>E4A0F5BF-E9D7-061D-F836-FD5EBDCC6E4F</referredKeyID>
<mandatory>true</mandatory>
<refColNames>id</refColNames>
<transferable>true</transferable>
<rely>false</rely>
<columnDependencyConstraintGenerateInDDL>true</columnDependencyConstraintGenerateInDDL>
</FKIndexAssociation>