<?xml version = '1.0' encoding = 'UTF-8'?>
<FKIndexAssociation class="oracle.dbtools.crest.model.design.relational.FKIndexAssociation" directorySegmentName="seg_0" id="C56771F1-0575-D25B-9AA4-9A31AEDCA329" containerWithKeyObject="5074D37C-8BDE-5894-62E3-1E6E6F304876" localFKIndex="AB163F6F-2ADC-B4C8-5DE3-51180BFBCF15" name="Positions_History_Employees_FK">
<createdBy>k3acp</createdBy>
<createdTime>2024-06-11 10:59:56 UTC</createdTime>
<generatorID>899C2DAD-4685-4A6E-65F6-5E950078C53D</generatorID>
<ownerDesignName>aaaaaaaaaaa-baza</ownerDesignName>
<referredTableLongName>Employees</referredTableLongName>
<deleteRule>NO ACTION</deleteRule>
<referredTableID>F3F80116-3911-FFDB-FFC0-A86739540843</referredTableID>
<keyObject>5CD4031F-7C6D-5223-4246-852C325FCDA5</keyObject>
<referredKeyID>5CD4031F-7C6D-5223-4246-852C325FCDA5</referredKeyID>
<mandatory>true</mandatory>
<refColNames>Positions_id</refColNames>
<transferable>true</transferable>
<rely>false</rely>
<columnDependencyConstraintGenerateInDDL>true</columnDependencyConstraintGenerateInDDL>
</FKIndexAssociation>