<?xml version = '1.0' encoding = 'UTF-8'?>
<FKIndexAssociation class="oracle.dbtools.crest.model.design.relational.FKIndexAssociation" directorySegmentName="seg_0" id="C6E5319E-DCA9-0F11-CA41-BE6BF25DEAB1" containerWithKeyObject="C52F52F0-2C62-BE96-A38B-7C6E66BCCF29" localFKIndex="5B50DA54-853C-6480-FDAC-CBC7ED5C3D0F" name="Tournament_Participants_Riders_FK">
<createdBy>k3acp</createdBy>
<createdTime>2024-06-24 09:30:13 UTC</createdTime>
<generatorID>AB7DD3D1-0199-BF8C-CE65-353137001CB6</generatorID>
<ownerDesignName>aaaaaaaaaaa-baza</ownerDesignName>
<referredTableLongName>Riders</referredTableLongName>
<deleteRule>NO ACTION</deleteRule>
<referredTableID>3B46772C-E453-290E-054A-9E049BC685D0</referredTableID>
<keyObject>247F415A-3487-7A31-EDB1-DE0F552A9184</keyObject>
<referredKeyID>247F415A-3487-7A31-EDB1-DE0F552A9184</referredKeyID>
<mandatory>true</mandatory>
<refColNames>Groups_id</refColNames>
<transferable>true</transferable>
<rely>false</rely>
<columnDependencyConstraintGenerateInDDL>true</columnDependencyConstraintGenerateInDDL>
</FKIndexAssociation>