<?xml version = '1.0' encoding = 'UTF-8'?>
<FKIndexAssociation class="oracle.dbtools.crest.model.design.relational.FKIndexAssociation" directorySegmentName="seg_0" id="CE96D67C-4089-7E3D-FFF8-A7DE0F705B28" containerWithKeyObject="85AC8798-9BC1-72A4-8D59-33C4479CEE68" localFKIndex="708D94F6-FF42-242F-0973-C43CA8C7BAD6" name="Classes_Employees_FK">
<createdBy>k3acp</createdBy>
<createdTime>2024-06-24 09:30:13 UTC</createdTime>
<generatorID>27C162A9-92DA-9405-32ED-806F3D7A52D0</generatorID>
<ownerDesignName>aaaaaaaaaaa-baza</ownerDesignName>
<referredTableLongName>Employees</referredTableLongName>
<deleteRule>NO ACTION</deleteRule>
<referredTableID>F3F80116-3911-FFDB-FFC0-A86739540843</referredTableID>
<keyObject>5CD4031F-7C6D-5223-4246-852C325FCDA5</keyObject>
<referredKeyID>5CD4031F-7C6D-5223-4246-852C325FCDA5</referredKeyID>
<mandatory>false</mandatory>
<refColNames>Positions_id</refColNames>
<transferable>true</transferable>
<rely>false</rely>
<columnDependencyConstraintGenerateInDDL>true</columnDependencyConstraintGenerateInDDL>
</FKIndexAssociation>