<?xml version = '1.0' encoding = 'UTF-8'?>
<FKIndexAssociation class="oracle.dbtools.crest.model.design.relational.FKIndexAssociation" directorySegmentName="seg_0" id="D6C9D348-4B9C-7863-5FC0-2CC20C2980EE" containerWithKeyObject="B19CF56D-F530-EB21-9CF5-CBD76F3C9A93" localFKIndex="1662E7EE-3684-58CF-96E8-746DC0572612" name="Address_Stables_FK">
<createdBy>k3acp</createdBy>
<createdTime>2024-06-11 10:59:56 UTC</createdTime>
<generatorID>70501D60-9F33-1864-90A9-157016370457</generatorID>
<ownerDesignName>aaaaaaaaaaa-baza</ownerDesignName>
<referredTableLongName>Stables</referredTableLongName>
<deleteRule>NO ACTION</deleteRule>
<referredTableID>BD819225-5B63-20F8-4308-F61EAC3FC177</referredTableID>
<keyObject>F6240914-9C0E-42EB-9F81-390480EAF1B6</keyObject>
<referredKeyID>F6240914-9C0E-42EB-9F81-390480EAF1B6</referredKeyID>
<mandatory>true</mandatory>
<refColNames>id</refColNames>
<transferable>true</transferable>
<rely>false</rely>
<columnDependencyConstraintGenerateInDDL>true</columnDependencyConstraintGenerateInDDL>
</FKIndexAssociation>