<?xml version = '1.0' encoding = 'UTF-8'?>
<FKIndexAssociation class="oracle.dbtools.crest.model.design.relational.FKIndexAssociation" directorySegmentName="seg_0" id="DF043A09-142B-8835-3268-C44F375C5B3E" containerWithKeyObject="48A01202-89EA-DE97-EAB4-22EB842FD724" localFKIndex="9DB924F2-1344-2F88-ED60-131F5FF57A61" name="Members_Address_FK">
<createdBy>k3acp</createdBy>
<createdTime>2024-06-24 09:30:13 UTC</createdTime>
<generatorID>DFB651A4-A4A3-5E6A-3D2F-4655897555D2</generatorID>
<ownerDesignName>aaaaaaaaaaa-baza</ownerDesignName>
<referredTableLongName>Address</referredTableLongName>
<deleteRule>NO ACTION</deleteRule>
<referredTableID>B19CF56D-F530-EB21-9CF5-CBD76F3C9A93</referredTableID>
<keyObject>91FF7003-4C45-A0D8-A2DD-FBF5D5175E5A</keyObject>
<referredKeyID>91FF7003-4C45-A0D8-A2DD-FBF5D5175E5A</referredKeyID>
<mandatory>false</mandatory>
<refColNames>id</refColNames>
<transferable>true</transferable>
<rely>false</rely>
<columnDependencyConstraintGenerateInDDL>true</columnDependencyConstraintGenerateInDDL>
</FKIndexAssociation>