<?xml version = '1.0' encoding = 'UTF-8'?>
<FKIndexAssociation class="oracle.dbtools.crest.model.design.relational.FKIndexAssociation" directorySegmentName="seg_0" id="DF2B662E-C568-EBFF-F24C-265560B997E8" containerWithKeyObject="BB38210C-E58A-1373-CB45-AAD3D266AD3F" localFKIndex="F8239310-81B1-88FF-6A81-13BF6942C0B2" name="Horses_Accessories_Accessories_FK">
<createdBy>k3acp</createdBy>
<createdTime>2024-06-24 09:30:13 UTC</createdTime>
<generatorID>E970B119-5A89-90AE-EC2C-A5EA3921D11A</generatorID>
<ownerDesignName>aaaaaaaaaaa-baza</ownerDesignName>
<referredTableLongName>Accessories</referredTableLongName>
<deleteRule>NO ACTION</deleteRule>
<referredTableID>703E379B-02B1-AE3B-CBE8-21E79B2BE154</referredTableID>
<keyObject>C93A4E4A-3593-04EA-6131-EFD156F3DBC0</keyObject>
<referredKeyID>C93A4E4A-3593-04EA-6131-EFD156F3DBC0</referredKeyID>
<mandatory>true</mandatory>
<refColNames>id</refColNames>
<transferable>true</transferable>
<rely>false</rely>
<columnDependencyConstraintGenerateInDDL>true</columnDependencyConstraintGenerateInDDL>
</FKIndexAssociation>