<?xml version = '1.0' encoding = 'UTF-8'?>
<FKIndexAssociation class="oracle.dbtools.crest.model.design.relational.FKIndexAssociation" directorySegmentName="seg_0" id="E4E242E8-4CEE-7B6C-C17C-41CAC2C4230D" containerWithKeyObject="3B46772C-E453-290E-054A-9E049BC685D0" localFKIndex="F6D61C4D-0D9F-CB19-4DE6-181AB646FA8F" name="Riders_Horses_FK">
<createdBy>k3acp</createdBy>
<createdTime>2024-06-24 09:30:13 UTC</createdTime>
<generatorID>6AC704A7-A212-552C-0DCE-BE8D3B02CF38</generatorID>
<ownerDesignName>aaaaaaaaaaa-baza</ownerDesignName>
<referredTableLongName>Horses</referredTableLongName>
<deleteRule>NO ACTION</deleteRule>
<referredTableID>A09B5931-20C6-69F8-0981-D0E9D6B20B5B</referredTableID>
<keyObject>0AF77490-9C3E-1170-119B-47BE1F83682A</keyObject>
<referredKeyID>0AF77490-9C3E-1170-119B-47BE1F83682A</referredKeyID>
<mandatory>false</mandatory>
<refColNames>id</refColNames>
<transferable>true</transferable>
<rely>false</rely>
<columnDependencyConstraintGenerateInDDL>true</columnDependencyConstraintGenerateInDDL>
</FKIndexAssociation>