<?xml version = '1.0' encoding = 'UTF-8'?>
<FKIndexAssociation class="oracle.dbtools.crest.model.design.relational.FKIndexAssociation" directorySegmentName="seg_0" id="F2E68621-850C-DA10-E75C-2CCF98318F88" containerWithKeyObject="85AC8798-9BC1-72A4-8D59-33C4479CEE68" localFKIndex="CFE99CFF-72CD-A958-ABAE-74FAC6157BB3" name="Classes_Stables_FK">
<createdBy>k3acp</createdBy>
<createdTime>2024-06-11 10:59:56 UTC</createdTime>
<generatorID>149E04E4-980E-7362-A9E6-5AEBD94CDCD0</generatorID>
<ownerDesignName>aaaaaaaaaaa-baza</ownerDesignName>
<referredTableLongName>Stables</referredTableLongName>
<deleteRule>NO ACTION</deleteRule>
<referredTableID>BD819225-5B63-20F8-4308-F61EAC3FC177</referredTableID>
<keyObject>F6240914-9C0E-42EB-9F81-390480EAF1B6</keyObject>
<referredKeyID>F6240914-9C0E-42EB-9F81-390480EAF1B6</referredKeyID>
<mandatory>true</mandatory>
<refColNames>id</refColNames>
<transferable>true</transferable>
<rely>false</rely>
<columnDependencyConstraintGenerateInDDL>true</columnDependencyConstraintGenerateInDDL>
</FKIndexAssociation>