<?xml version = '1.0' encoding = 'UTF-8'?>
<FKIndexAssociation class="oracle.dbtools.crest.model.design.relational.FKIndexAssociation" directorySegmentName="seg_0" id="F503BD45-CAEC-D9EE-309A-C92A373A25A6" containerWithKeyObject="0BBAC7B1-06AD-D858-AC22-09A26ED55A4A" localFKIndex="A47F6541-69C3-0788-E6CC-BB999116ABFC" name="Tournaments_Employees_FK">
<createdBy>k3acp</createdBy>
<createdTime>2024-06-24 08:44:29 UTC</createdTime>
<generatorID>AF987607-35CB-5EF7-C9AF-59C5521B0B23</generatorID>
<ownerDesignName>aaaaaaaaaaa-baza</ownerDesignName>
<referredTableLongName>Employees</referredTableLongName>
<deleteRule>NO ACTION</deleteRule>
<referredTableID>F3F80116-3911-FFDB-FFC0-A86739540843</referredTableID>
<keyObject>5CD4031F-7C6D-5223-4246-852C325FCDA5</keyObject>
<referredKeyID>5CD4031F-7C6D-5223-4246-852C325FCDA5</referredKeyID>
<mandatory>true</mandatory>
<refColNames>Positions_id</refColNames>
<transferable>true</transferable>
<rely>false</rely>
<columnDependencyConstraintGenerateInDDL>true</columnDependencyConstraintGenerateInDDL>
</FKIndexAssociation>