<?xml version = '1.0' encoding = 'UTF-8'?>
<Relation class="oracle.dbtools.crest.model.design.logical.Relation" name="Stables_Classes" directorySegmentName="seg_0" id="149E04E4-980E-7362-A9E6-5AEBD94CDCD0">
<createdBy>k3acp</createdBy>
<createdTime>2024-06-11 10:41:17 UTC</createdTime>
<ownerDesignName>aaaaaaaaaaa-baza</ownerDesignName>
<engineerTo>
<item key="515D3C5A-8537-E5CC-B8CA-FB567FF5463A" value="true"/>
</engineerTo>
<sourcePk>0568BA25-C283-86BA-F4CB-704320C2AB17</sourcePk>
<identifying>false</identifying>
<optionalSource>true</optionalSource>
<optionalTarget>false</optionalTarget>
<sourceCardinality>1</sourceCardinality>
<sourceEntity>E26F1D48-4827-9661-AEDC-483104116045</sourceEntity>
<targetCardinalityString>*</targetCardinalityString>
<targetEntity>8A4C86FC-4C91-8184-F1CA-472212696191</targetEntity>
<transferable>true</transferable>
<deleteRule>NO ACTION</deleteRule>
</Relation>