<?xml version = '1.0' encoding = 'UTF-8'?>
<Relation class="oracle.dbtools.crest.model.design.logical.Relation" name="Classes_Trainer" directorySegmentName="seg_0" id="27C162A9-92DA-9405-32ED-806F3D7A52D0">
<createdBy>k3acp</createdBy>
<createdTime>2024-06-11 10:42:43 UTC</createdTime>
<ownerDesignName>aaaaaaaaaaa-baza</ownerDesignName>
<engineerTo>
<item key="515D3C5A-8537-E5CC-B8CA-FB567FF5463A" value="true"/>
</engineerTo>
<sourcePk>65C7E92A-229B-A978-2719-5158B425473E</sourcePk>
<targetPk>BEFB6D46-172D-E255-FE3A-639740559D4D</targetPk>
<identifying>false</identifying>
<optionalSource>true</optionalSource>
<optionalTarget>false</optionalTarget>
<sourceCardinality>*</sourceCardinality>
<sourceEntity>8A4C86FC-4C91-8184-F1CA-472212696191</sourceEntity>
<targetCardinalityString>1</targetCardinalityString>
<targetEntity>85ABBFD4-0619-F387-0A8D-4868EF8202B3</targetEntity>
<transferable>true</transferable>
<deleteRule>NO ACTION</deleteRule>
</Relation>