<?xml version = '1.0' encoding = 'UTF-8'?>
<Relation class="oracle.dbtools.crest.model.design.logical.Relation" name="Riders_Groups" directorySegmentName="seg_0" id="383A1F6B-6985-8750-F3C7-B8AE2C1CE2BC">
<createdBy>k3acp</createdBy>
<createdTime>2024-06-11 10:33:25 UTC</createdTime>
<ownerDesignName>aaaaaaaaaaa-baza</ownerDesignName>
<engineerTo>
<item key="515D3C5A-8537-E5CC-B8CA-FB567FF5463A" value="true"/>
</engineerTo>
<sourcePk>BB6649B2-2045-617B-8E0E-BEC7F0C4A402</sourcePk>
<targetPk>25B8802B-C36C-7A34-82A0-AB162D1A026F</targetPk>
<identifying>false</identifying>
<optionalSource>true</optionalSource>
<optionalTarget>false</optionalTarget>
<sourceCardinality>*</sourceCardinality>
<sourceEntity>47B63BA2-14CF-1B26-D404-B762102248BB</sourceEntity>
<targetCardinalityString>1</targetCardinalityString>
<targetEntity>F6539704-BC30-69DF-D542-1C72E53A09A8</targetEntity>
<transferable>true</transferable>
<deleteRule>NO ACTION</deleteRule>
</Relation>