<?xml version = '1.0' encoding = 'UTF-8'?>
<Relation class="oracle.dbtools.crest.model.design.logical.Relation" name="Relation_20" directorySegmentName="seg_0" id="4F600C87-F7A3-B1B5-F133-0CF118A21B2F">
<createdBy>k3acp</createdBy>
<createdTime>2024-06-24 09:15:54 UTC</createdTime>
<ownerDesignName>aaaaaaaaaaa-baza</ownerDesignName>
<engineerTo>
<item key="515D3C5A-8537-E5CC-B8CA-FB567FF5463A" value="true"/>
</engineerTo>
<sourcePk>68D7F8C7-55FD-867A-908D-B059AB63E0E0</sourcePk>
<identifying>false</identifying>
<optionalSource>true</optionalSource>
<optionalTarget>false</optionalTarget>
<sourceCardinality>1</sourceCardinality>
<sourceEntity>FD728618-1E3B-86D8-C695-B59CAA3C1CEF</sourceEntity>
<targetCardinalityString>*</targetCardinalityString>
<targetEntity>4DC34C2D-6AEF-99E4-6D3B-89A6060AF629</targetEntity>
<transferable>true</transferable>
<deleteRule>NO ACTION</deleteRule>
</Relation>