<?xml version = '1.0' encoding = 'UTF-8'?>
<Relation class="oracle.dbtools.crest.model.design.logical.Relation" name="Group_Classes" directorySegmentName="seg_0" id="5447775F-4D15-621E-FF0E-2B280FEFF8DB">
<createdBy>k3acp</createdBy>
<createdTime>2024-06-11 10:35:33 UTC</createdTime>
<ownerDesignName>aaaaaaaaaaa-baza</ownerDesignName>
<engineerTo>
<item key="515D3C5A-8537-E5CC-B8CA-FB567FF5463A" value="true"/>
</engineerTo>
<sourcePk>25B8802B-C36C-7A34-82A0-AB162D1A026F</sourcePk>
<identifying>false</identifying>
<optionalSource>true</optionalSource>
<optionalTarget>false</optionalTarget>
<sourceCardinality>1</sourceCardinality>
<sourceEntity>F6539704-BC30-69DF-D542-1C72E53A09A8</sourceEntity>
<targetCardinalityString>*</targetCardinalityString>
<targetEntity>8A4C86FC-4C91-8184-F1CA-472212696191</targetEntity>
<transferable>true</transferable>
<deleteRule>NO ACTION</deleteRule>
</Relation>