<?xml version = '1.0' encoding = 'UTF-8'?>
<Relation class="oracle.dbtools.crest.model.design.logical.Relation" name="Participants_in_tournaments" directorySegmentName="seg_0" id="5D895EF4-D544-1E7B-6980-E75C5D1AEB0C">
<createdBy>k3acp</createdBy>
<createdTime>2024-06-11 10:49:56 UTC</createdTime>
<ownerDesignName>aaaaaaaaaaa-baza</ownerDesignName>
<engineerTo>
<item key="515D3C5A-8537-E5CC-B8CA-FB567FF5463A" value="true"/>
</engineerTo>
<sourcePk>A54DD54D-3626-3CF8-FEE7-D4F2148A84D9</sourcePk>
<targetPk>AB50DA63-3080-C9AA-389C-8773251F96F0</targetPk>
<identifying>false</identifying>
<optionalSource>false</optionalSource>
<optionalTarget>false</optionalTarget>
<sourceCardinality>*</sourceCardinality>
<sourceEntity>B5209B8A-00E5-090C-B16E-CD56631EC8F3</sourceEntity>
<targetCardinalityString>1</targetCardinalityString>
<targetEntity>18FC78FC-A943-2C09-B6E3-1A40238F4830</targetEntity>
<transferable>true</transferable>
<deleteRule>NO ACTION</deleteRule>
</Relation>