<?xml version = '1.0' encoding = 'UTF-8'?>
<Relation class="oracle.dbtools.crest.model.design.logical.Relation" name="Horse_Riders" directorySegmentName="seg_0" id="6AC704A7-A212-552C-0DCE-BE8D3B02CF38">
<createdBy>k3acp</createdBy>
<createdTime>2024-06-11 10:41:01 UTC</createdTime>
<ownerDesignName>aaaaaaaaaaa-baza</ownerDesignName>
<engineerTo>
<item key="515D3C5A-8537-E5CC-B8CA-FB567FF5463A" value="true"/>
</engineerTo>
<sourcePk>BB6649B2-2045-617B-8E0E-BEC7F0C4A402</sourcePk>
<targetPk>488903F5-E5C8-7827-6077-60FA6DD00D69</targetPk>
<identifying>false</identifying>
<optionalSource>true</optionalSource>
<optionalTarget>false</optionalTarget>
<sourceCardinality>*</sourceCardinality>
<sourceEntity>47B63BA2-14CF-1B26-D404-B762102248BB</sourceEntity>
<targetCardinalityString>1</targetCardinalityString>
<targetEntity>CE0BCA17-7A3A-22E8-0BCC-62E643BF0BAF</targetEntity>
<transferable>true</transferable>
<deleteRule>NO ACTION</deleteRule>
</Relation>