<?xml version = '1.0' encoding = 'UTF-8'?>
<Relation class="oracle.dbtools.crest.model.design.logical.Relation" name="Stables_Address" directorySegmentName="seg_0" id="70501D60-9F33-1864-90A9-157016370457">
<createdBy>k3acp</createdBy>
<createdTime>2024-06-11 10:41:32 UTC</createdTime>
<ownerDesignName>aaaaaaaaaaa-baza</ownerDesignName>
<engineerTo>
<item key="515D3C5A-8537-E5CC-B8CA-FB567FF5463A" value="true"/>
</engineerTo>
<sourcePk>0568BA25-C283-86BA-F4CB-704320C2AB17</sourcePk>
<identifying>false</identifying>
<optionalSource>true</optionalSource>
<optionalTarget>false</optionalTarget>
<sourceCardinality>1</sourceCardinality>
<sourceEntity>E26F1D48-4827-9661-AEDC-483104116045</sourceEntity>
<targetCardinalityString>1</targetCardinalityString>
<targetEntity>B8A70266-2312-FD2D-0FBC-1EF0BC6BEE91</targetEntity>
<transferable>true</transferable>
<deleteRule>NO ACTION</deleteRule>
</Relation>