<?xml version = '1.0' encoding = 'UTF-8'?>
<Relation class="oracle.dbtools.crest.model.design.logical.Relation" name="Employee_Position_History" directorySegmentName="seg_0" id="899C2DAD-4685-4A6E-65F6-5E950078C53D">
<createdBy>k3acp</createdBy>
<createdTime>2024-06-11 10:43:54 UTC</createdTime>
<ownerDesignName>aaaaaaaaaaa-baza</ownerDesignName>
<engineerTo>
<item key="515D3C5A-8537-E5CC-B8CA-FB567FF5463A" value="true"/>
</engineerTo>
<sourcePk>BEFB6D46-172D-E255-FE3A-639740559D4D</sourcePk>
<identifying>false</identifying>
<optionalSource>true</optionalSource>
<optionalTarget>false</optionalTarget>
<sourceCardinality>1</sourceCardinality>
<sourceEntity>85ABBFD4-0619-F387-0A8D-4868EF8202B3</sourceEntity>
<targetCardinalityString>*</targetCardinalityString>
<targetEntity>4DC34C2D-6AEF-99E4-6D3B-89A6060AF629</targetEntity>
<transferable>true</transferable>
<deleteRule>NO ACTION</deleteRule>
</Relation>