<?xml version = '1.0' encoding = 'UTF-8'?>
<Relation class="oracle.dbtools.crest.model.design.logical.Relation" name="Licence_Members" directorySegmentName="seg_0" id="8DB780A5-B88D-591C-857A-BBD6F443F1BB">
<createdBy>k3acp</createdBy>
<createdTime>2024-06-21 17:07:36 UTC</createdTime>
<ownerDesignName>aaaaaaaaaaa-baza</ownerDesignName>
<engineerTo>
<item key="515D3C5A-8537-E5CC-B8CA-FB567FF5463A" value="true"/>
</engineerTo>
<sourcePk>C653D348-0AB2-97DC-9D5B-8B1A90AE19D8</sourcePk>
<identifying>false</identifying>
<optionalSource>false</optionalSource>
<optionalTarget>true</optionalTarget>
<sourceCardinality>1</sourceCardinality>
<sourceEntity>7309EE5C-E42B-6DE1-0908-EE553E934FD3</sourceEntity>
<targetCardinalityString>*</targetCardinalityString>
<targetEntity>B52EE580-2081-BC53-B936-CF3BA27C64BE</targetEntity>
<transferable>true</transferable>
<deleteRule>NO ACTION</deleteRule>
</Relation>