<?xml version = '1.0' encoding = 'UTF-8'?>
<Relation class="oracle.dbtools.crest.model.design.logical.Relation" name="Relation_19" directorySegmentName="seg_0" id="9083BB95-91A8-DF2F-11FE-BD4ACCAEFB19">
<createdBy>k3acp</createdBy>
<createdTime>2024-06-24 09:14:27 UTC</createdTime>
<ownerDesignName>aaaaaaaaaaa-baza</ownerDesignName>
<engineerTo>
<item key="515D3C5A-8537-E5CC-B8CA-FB567FF5463A" value="true"/>
</engineerTo>
<sourcePk>68D7F8C7-55FD-867A-908D-B059AB63E0E0</sourcePk>
<targetPk>C653D348-0AB2-97DC-9D5B-8B1A90AE19D8</targetPk>
<identifying>false</identifying>
<optionalSource>true</optionalSource>
<optionalTarget>false</optionalTarget>
<sourceCardinality>*</sourceCardinality>
<sourceEntity>FD728618-1E3B-86D8-C695-B59CAA3C1CEF</sourceEntity>
<targetCardinalityString>1</targetCardinalityString>
<targetEntity>7309EE5C-E42B-6DE1-0908-EE553E934FD3</targetEntity>
<transferable>true</transferable>
<deleteRule>NO ACTION</deleteRule>
</Relation>