<?xml version = '1.0' encoding = 'UTF-8'?>
<Relation class="oracle.dbtools.crest.model.design.logical.Relation" name="Tournament_Participants" directorySegmentName="seg_0" id="AB7DD3D1-0199-BF8C-CE65-353137001CB6">
<createdBy>k3acp</createdBy>
<createdTime>2024-06-11 10:48:40 UTC</createdTime>
<ownerDesignName>aaaaaaaaaaa-baza</ownerDesignName>
<engineerTo>
<item key="515D3C5A-8537-E5CC-B8CA-FB567FF5463A" value="true"/>
</engineerTo>
<sourcePk>A54DD54D-3626-3CF8-FEE7-D4F2148A84D9</sourcePk>
<targetPk>BB6649B2-2045-617B-8E0E-BEC7F0C4A402</targetPk>
<identifying>false</identifying>
<optionalSource>false</optionalSource>
<optionalTarget>false</optionalTarget>
<sourceCardinality>*</sourceCardinality>
<sourceEntity>B5209B8A-00E5-090C-B16E-CD56631EC8F3</sourceEntity>
<targetCardinalityString>1</targetCardinalityString>
<targetEntity>47B63BA2-14CF-1B26-D404-B762102248BB</targetEntity>
<transferable>true</transferable>
<deleteRule>NO ACTION</deleteRule>
</Relation>