<?xml version = '1.0' encoding = 'UTF-8'?>
<Relation class="oracle.dbtools.crest.model.design.logical.Relation" name="Judge" directorySegmentName="seg_0" id="AF987607-35CB-5EF7-C9AF-59C5521B0B23">
<createdBy>k3acp</createdBy>
<createdTime>2024-06-24 08:39:59 UTC</createdTime>
<ownerDesignName>aaaaaaaaaaa-baza</ownerDesignName>
<engineerTo>
<item key="515D3C5A-8537-E5CC-B8CA-FB567FF5463A" value="true"/>
</engineerTo>
<sourcePk>BEFB6D46-172D-E255-FE3A-639740559D4D</sourcePk>
<identifying>false</identifying>
<optionalSource>true</optionalSource>
<optionalTarget>false</optionalTarget>
<sourceCardinality>1</sourceCardinality>
<sourceEntity>85ABBFD4-0619-F387-0A8D-4868EF8202B3</sourceEntity>
<targetCardinalityString>1</targetCardinalityString>
<targetEntity>18FC78FC-A943-2C09-B6E3-1A40238F4830</targetEntity>
<transferable>true</transferable>
<deleteRule>NO ACTION</deleteRule>
</Relation>