<?xml version = '1.0' encoding = 'UTF-8'?>
<Relation class="oracle.dbtools.crest.model.design.logical.Relation" name="Employee_Position" directorySegmentName="seg_0" id="BE48B177-BD9C-DBFA-F5C4-BCDE5E4A9772">
<createdBy>k3acp</createdBy>
<createdTime>2024-06-11 10:36:56 UTC</createdTime>
<ownerDesignName>aaaaaaaaaaa-baza</ownerDesignName>
<engineerTo>
<item key="515D3C5A-8537-E5CC-B8CA-FB567FF5463A" value="true"/>
</engineerTo>
<sourcePk>68D7F8C7-55FD-867A-908D-B059AB63E0E0</sourcePk>
<identifying>false</identifying>
<optionalSource>true</optionalSource>
<optionalTarget>false</optionalTarget>
<sourceCardinality>1</sourceCardinality>
<sourceEntity>FD728618-1E3B-86D8-C695-B59CAA3C1CEF</sourceEntity>
<targetCardinalityString>1</targetCardinalityString>
<targetEntity>85ABBFD4-0619-F387-0A8D-4868EF8202B3</targetEntity>
<transferable>true</transferable>
<deleteRule>NO ACTION</deleteRule>
</Relation>