<?xml version = '1.0' encoding = 'UTF-8'?>
<Relation class="oracle.dbtools.crest.model.design.logical.Relation" name="Tournament_Address" directorySegmentName="seg_0" id="D272EA72-B943-2C4A-26B5-52B39F330BD4">
<createdBy>k3acp</createdBy>
<createdTime>2024-06-11 10:41:56 UTC</createdTime>
<ownerDesignName>aaaaaaaaaaa-baza</ownerDesignName>
<engineerTo>
<item key="515D3C5A-8537-E5CC-B8CA-FB567FF5463A" value="true"/>
</engineerTo>
<sourcePk>AB50DA63-3080-C9AA-389C-8773251F96F0</sourcePk>
<targetPk>8F7430B9-06F7-02DD-603C-3D95E2CB8C35</targetPk>
<identifying>false</identifying>
<optionalSource>false</optionalSource>
<optionalTarget>false</optionalTarget>
<sourceCardinality>1</sourceCardinality>
<sourceEntity>18FC78FC-A943-2C09-B6E3-1A40238F4830</sourceEntity>
<targetCardinalityString>1</targetCardinalityString>
<targetEntity>B8A70266-2312-FD2D-0FBC-1EF0BC6BEE91</targetEntity>
<transferable>true</transferable>
<deleteRule>NO ACTION</deleteRule>
</Relation>