<?xml version = '1.0' encoding = 'UTF-8'?>
<Relation class="oracle.dbtools.crest.model.design.logical.Relation" name="Relation_17" directorySegmentName="seg_0" id="DB5C1A01-077C-E7B4-50B6-A8AB3D8715F7">
<createdBy>k3acp</createdBy>
<createdTime>2024-06-24 08:28:19 UTC</createdTime>
<ownerDesignName>aaaaaaaaaaa-baza</ownerDesignName>
<engineerTo>
<item key="515D3C5A-8537-E5CC-B8CA-FB567FF5463A" value="true"/>
</engineerTo>
<sourcePk>637F25A9-2A42-2483-3189-5EF4A85A9A4B</sourcePk>
<targetPk>30E031CC-3F36-6E49-C040-110343FEC1B1</targetPk>
<identifying>false</identifying>
<optionalSource>false</optionalSource>
<optionalTarget>false</optionalTarget>
<sourceCardinality>*</sourceCardinality>
<sourceEntity>B4C9D9EC-E174-183A-FE17-E15D255ED6FE</sourceEntity>
<targetCardinalityString>1</targetCardinalityString>
<targetEntity>AE4F12E3-8284-7C18-50C1-FC24DF540976</targetEntity>
<transferable>true</transferable>
<deleteRule>NO ACTION</deleteRule>
</Relation>