<?xml version = '1.0' encoding = 'UTF-8'?>
<Relation class="oracle.dbtools.crest.model.design.logical.Relation" name="Members_Adresses" directorySegmentName="seg_0" id="DFB651A4-A4A3-5E6A-3D2F-4655897555D2">
<createdBy>k3acp</createdBy>
<createdTime>2024-06-11 10:36:08 UTC</createdTime>
<ownerDesignName>aaaaaaaaaaa-baza</ownerDesignName>
<engineerTo>
<item key="515D3C5A-8537-E5CC-B8CA-FB567FF5463A" value="true"/>
</engineerTo>
<sourcePk>5665BBEC-EBD3-C95A-3B7D-7821BD256F08</sourcePk>
<targetPk>8F7430B9-06F7-02DD-603C-3D95E2CB8C35</targetPk>
<identifying>false</identifying>
<optionalSource>true</optionalSource>
<optionalTarget>true</optionalTarget>
<sourceCardinality>*</sourceCardinality>
<sourceEntity>B52EE580-2081-BC53-B936-CF3BA27C64BE</sourceEntity>
<targetCardinalityString>1</targetCardinalityString>
<targetEntity>B8A70266-2312-FD2D-0FBC-1EF0BC6BEE91</targetEntity>
<transferable>true</transferable>
<deleteRule>NO ACTION</deleteRule>
</Relation>