<?xml version = '1.0' encoding = 'UTF-8'?>
<Relation class="oracle.dbtools.crest.model.design.logical.Relation" name="Relation_16" directorySegmentName="seg_0" id="E970B119-5A89-90AE-EC2C-A5EA3921D11A">
<createdBy>k3acp</createdBy>
<createdTime>2024-06-24 08:27:32 UTC</createdTime>
<ownerDesignName>aaaaaaaaaaa-baza</ownerDesignName>
<engineerTo>
<item key="515D3C5A-8537-E5CC-B8CA-FB567FF5463A" value="true"/>
</engineerTo>
<sourcePk>42768CEE-EEDA-ADE0-EC85-429A0575E84C</sourcePk>
<targetPk>637F25A9-2A42-2483-3189-5EF4A85A9A4B</targetPk>
<identifying>false</identifying>
<optionalSource>false</optionalSource>
<optionalTarget>false</optionalTarget>
<sourceCardinality>1</sourceCardinality>
<sourceEntity>1F94AE3A-7AB9-3599-A204-23CC770AF48E</sourceEntity>
<targetCardinalityString>1</targetCardinalityString>
<targetEntity>B4C9D9EC-E174-183A-FE17-E15D255ED6FE</targetEntity>
<transferable>true</transferable>
<deleteRule>NO ACTION</deleteRule>
</Relation>