<?xml version = '1.0' encoding = 'UTF-8'?>
<Relation class="oracle.dbtools.crest.model.design.logical.Relation" name="Relation_15" directorySegmentName="seg_0" id="FC2FE35C-4E5A-BE96-46CC-D633F08B3FE2">
<createdBy>k3acp</createdBy>
<createdTime>2024-06-24 08:26:16 UTC</createdTime>
<ownerDesignName>aaaaaaaaaaa-baza</ownerDesignName>
<engineerTo>
<item key="515D3C5A-8537-E5CC-B8CA-FB567FF5463A" value="true"/>
</engineerTo>
<sourcePk>42768CEE-EEDA-ADE0-EC85-429A0575E84C</sourcePk>
<targetPk>488903F5-E5C8-7827-6077-60FA6DD00D69</targetPk>
<identifying>false</identifying>
<optionalSource>false</optionalSource>
<optionalTarget>true</optionalTarget>
<sourceCardinality>*</sourceCardinality>
<sourceEntity>1F94AE3A-7AB9-3599-A204-23CC770AF48E</sourceEntity>
<targetCardinalityString>1</targetCardinalityString>
<targetEntity>CE0BCA17-7A3A-22E8-0BCC-62E643BF0BAF</targetEntity>
<transferable>true</transferable>
<deleteRule>NO ACTION</deleteRule>
</Relation>