<?xml version = '1.0' encoding = 'UTF-8'?>
<Entity class="oracle.dbtools.crest.model.design.logical.Entity" directorySegmentName="seg_0" id="1F94AE3A-7AB9-3599-A204-23CC770AF48E" name="Horses_Accessories">
<createdBy>k3acp</createdBy>
<createdTime>2024-06-24 08:24:25 UTC</createdTime>
<ownerDesignName>aaaaaaaaaaa-baza</ownerDesignName>
<engineerTo>
<item key="515D3C5A-8537-E5CC-B8CA-FB567FF5463A" value="true"/>
</engineerTo>
<adequatelyNormalized>NO</adequatelyNormalized>
<expectedVolumes>0</expectedVolumes>
<fwdEngineeringStrategyName>Single Table</fwdEngineeringStrategyName>
<growthPercent>0</growthPercent>
<growthType>Year</growthType>
<maxVolumes>9999999</maxVolumes>
<minVolumes>0</minVolumes>
<normalForm>Third</normalForm>
<attributes itemClass="oracle.dbtools.crest.model.design.logical.Attribute">
<Attribute name="id" id="F8C03728-6D4E-6FA1-2697-7C418B52EF6B">
<createdBy>k3acp</createdBy>
<createdTime>2024-06-24 08:24:48 UTC</createdTime>
<ownerDesignName>aaaaaaaaaaa-baza</ownerDesignName>
<engineerTo>
<item key="515D3C5A-8537-E5CC-B8CA-FB567FF5463A" value="true"/>
</engineerTo>
<useDomainConstraints>false</useDomainConstraints>
<use>1</use>
<logicalDatatype>LOGDT011</logicalDatatype>
<ownDataTypeParameters>,,</ownDataTypeParameters>
</Attribute>
<Attribute name="horse_id" id="04D83789-EB00-500D-5498-6192A221ED55">
<createdBy>k3acp</createdBy>
<createdTime>2024-06-24 08:25:03 UTC</createdTime>
<ownerDesignName>aaaaaaaaaaa-baza</ownerDesignName>
<engineerTo>
<item key="515D3C5A-8537-E5CC-B8CA-FB567FF5463A" value="true"/>
</engineerTo>
<useDomainConstraints>false</useDomainConstraints>
<use>1</use>
<logicalDatatype>LOGDT011</logicalDatatype>
<ownDataTypeParameters>,,</ownDataTypeParameters>
</Attribute>
<Attribute name="accessory_id" id="4B7262FD-C161-916C-D96D-7EA99BFA72C8">
<createdBy>k3acp</createdBy>
<createdTime>2024-06-24 08:25:25 UTC</createdTime>
<ownerDesignName>aaaaaaaaaaa-baza</ownerDesignName>
<engineerTo>
<item key="515D3C5A-8537-E5CC-B8CA-FB567FF5463A" value="true"/>
</engineerTo>
<useDomainConstraints>false</useDomainConstraints>
<use>1</use>
<logicalDatatype>LOGDT011</logicalDatatype>
<ownDataTypeParameters>,,</ownDataTypeParameters>
</Attribute>
<Attribute name="id1" id="F0878F74-FFA0-4FE6-A39B-07C0F2CAEF4A">
<createdBy>k3acp</createdBy>
<createdTime>2024-06-24 08:26:42 UTC</createdTime>
<generatorID>FC2FE35C-4E5A-BE96-46CC-D633F08B3FE2</generatorID>
<ownerDesignName>aaaaaaaaaaa-baza</ownerDesignName>
<engineerTo>
<item key="515D3C5A-8537-E5CC-B8CA-FB567FF5463A" value="true"/>
</engineerTo>
<referedAttribute>D2546046-D7D3-4E71-0C5F-921AA8698D4B</referedAttribute>
<useDomainConstraints>false</useDomainConstraints>
<use>1</use>
<logicalDatatype>LOGDT011</logicalDatatype>
<ownDataTypeParameters>,,</ownDataTypeParameters>
</Attribute>
<Attribute name="id2" id="13B6A96C-5F81-3B28-1101-7B828BCDBE2C">
<createdBy>k3acp</createdBy>
<createdTime>2024-06-24 08:27:52 UTC</createdTime>
<generatorID>E970B119-5A89-90AE-EC2C-A5EA3921D11A</generatorID>
<ownerDesignName>aaaaaaaaaaa-baza</ownerDesignName>
<engineerTo>
<item key="515D3C5A-8537-E5CC-B8CA-FB567FF5463A" value="true"/>
</engineerTo>
<referedAttribute>5FA3AAFB-5763-B94A-1C98-A725C20049C3</referedAttribute>
<useDomainConstraints>false</useDomainConstraints>
<use>1</use>
<logicalDatatype>LOGDT011</logicalDatatype>
<ownDataTypeParameters>,,</ownDataTypeParameters>
</Attribute>
</attributes>
<identifiers itemClass="oracle.dbtools.crest.model.design.logical.CandidateKey">
<identifier id="42768CEE-EEDA-ADE0-EC85-429A0575E84C" name="Horses_Accessories PK">
<createdBy>k3acp</createdBy>
<createdTime>2024-06-24 08:25:23 UTC</createdTime>
<ownerDesignName>aaaaaaaaaaa-baza</ownerDesignName>
<shouldEngineer>false</shouldEngineer>
<engineerTo>
<item key="515D3C5A-8537-E5CC-B8CA-FB567FF5463A" value="false"/>
</engineerTo>
<pk>true</pk>
<usedAttributes>
<attributeRef>F8C03728-6D4E-6FA1-2697-7C418B52EF6B</attributeRef>
</usedAttributes>
</identifier>
</identifiers>
</Entity>