<?xml version = '1.0' encoding = 'UTF-8'?>
<Entity class="oracle.dbtools.crest.model.design.logical.Entity" directorySegmentName="seg_0" id="47B63BA2-14CF-1B26-D404-B762102248BB" name="Riders">
<createdBy>k3acp</createdBy>
<createdTime>2024-06-01 14:57:24 UTC</createdTime>
<ownerDesignName>aaaaaaaaaaa-baza</ownerDesignName>
<engineerTo>
<item key="515D3C5A-8537-E5CC-B8CA-FB567FF5463A" value="true"/>
</engineerTo>
<adequatelyNormalized>NO</adequatelyNormalized>
<expectedVolumes>0</expectedVolumes>
<fwdEngineeringStrategyName>Single Table</fwdEngineeringStrategyName>
<growthPercent>0</growthPercent>
<growthType>Year</growthType>
<hierarchicalParent>B52EE580-2081-BC53-B936-CF3BA27C64BE</hierarchicalParent>
<maxVolumes>9999999</maxVolumes>
<minVolumes>0</minVolumes>
<normalForm>Third</normalForm>
<attributes itemClass="oracle.dbtools.crest.model.design.logical.Attribute">
<Attribute name="id" id="C6EA2D14-858D-42D2-1158-6E7A0F88EFDA">
<createdBy>k3acp</createdBy>
<createdTime>2024-06-11 10:34:26 UTC</createdTime>
<generatorID>383A1F6B-6985-8750-F3C7-B8AE2C1CE2BC</generatorID>
<ownerDesignName>aaaaaaaaaaa-baza</ownerDesignName>
<engineerTo>
<item key="515D3C5A-8537-E5CC-B8CA-FB567FF5463A" value="true"/>
</engineerTo>
<referedAttribute>7BAB7883-BC1C-BDD9-C242-6A7562C2481F</referedAttribute>
<useDomainConstraints>false</useDomainConstraints>
<use>1</use>
<logicalDatatype>LOGDT011</logicalDatatype>
<ownDataTypeParameters>,,</ownDataTypeParameters>
</Attribute>
<Attribute name="parent_consent" id="AB869866-5C62-40A8-AF45-99F89331E49E">
<createdBy>k3acp</createdBy>
<createdTime>2024-06-01 15:03:02 UTC</createdTime>
<ownerDesignName>aaaaaaaaaaa-baza</ownerDesignName>
<engineerTo>
<item key="515D3C5A-8537-E5CC-B8CA-FB567FF5463A" value="true"/>
</engineerTo>
<useDomainConstraints>false</useDomainConstraints>
<use>1</use>
<logicalDatatype>LOGDT006</logicalDatatype>
<dataTypeSize>1 BYTE</dataTypeSize>
<ownDataTypeParameters>1 BYTE,,</ownDataTypeParameters>
</Attribute>
<Attribute name="group_id" id="40E569ED-5F82-C851-294B-201E444B3B12">
<createdBy>k3acp</createdBy>
<createdTime>2024-06-11 10:31:30 UTC</createdTime>
<ownerDesignName>aaaaaaaaaaa-baza</ownerDesignName>
<engineerTo>
<item key="515D3C5A-8537-E5CC-B8CA-FB567FF5463A" value="true"/>
</engineerTo>
<useDomainConstraints>false</useDomainConstraints>
<use>1</use>
<logicalDatatype>LOGDT011</logicalDatatype>
<ownDataTypeParameters>,,</ownDataTypeParameters>
</Attribute>
<Attribute name="horse_id" id="D768B97F-B0AB-4C10-368E-C597B6C531E3">
<createdBy>k3acp</createdBy>
<createdTime>2024-06-11 10:40:06 UTC</createdTime>
<ownerDesignName>aaaaaaaaaaa-baza</ownerDesignName>
<engineerTo>
<item key="515D3C5A-8537-E5CC-B8CA-FB567FF5463A" value="true"/>
</engineerTo>
<useDomainConstraints>false</useDomainConstraints>
<use>1</use>
<logicalDatatype>LOGDT011</logicalDatatype>
<ownDataTypeParameters>,,</ownDataTypeParameters>
</Attribute>
<Attribute name="id2" id="698ACE68-5620-D501-7441-5455737FBAB9">
<createdBy>k3acp</createdBy>
<createdTime>2024-06-24 09:15:00 UTC</createdTime>
<generatorID>6AC704A7-A212-552C-0DCE-BE8D3B02CF38</generatorID>
<ownerDesignName>aaaaaaaaaaa-baza</ownerDesignName>
<engineerTo>
<item key="515D3C5A-8537-E5CC-B8CA-FB567FF5463A" value="true"/>
</engineerTo>
<nullsAllowed>true</nullsAllowed>
<referedAttribute>D2546046-D7D3-4E71-0C5F-921AA8698D4B</referedAttribute>
<useDomainConstraints>false</useDomainConstraints>
<use>1</use>
<logicalDatatype>LOGDT011</logicalDatatype>
<ownDataTypeParameters>,,</ownDataTypeParameters>
</Attribute>
</attributes>
<identifiers itemClass="oracle.dbtools.crest.model.design.logical.CandidateKey">
<identifier id="BB6649B2-2045-617B-8E0E-BEC7F0C4A402" name="riders PK">
<createdBy>k3acp</createdBy>
<createdTime>2024-06-01 14:58:03 UTC</createdTime>
<ownerDesignName>aaaaaaaaaaa-baza</ownerDesignName>
<engineerTo>
<item key="515D3C5A-8537-E5CC-B8CA-FB567FF5463A" value="true"/>
</engineerTo>
<pk>true</pk>
<usedAttributes>
<attributeRef>C6EA2D14-858D-42D2-1158-6E7A0F88EFDA</attributeRef>
</usedAttributes>
</identifier>
</identifiers>
</Entity>