<?xml version = '1.0' encoding = 'UTF-8'?>
<Entity class="oracle.dbtools.crest.model.design.logical.Entity" directorySegmentName="seg_0" id="85ABBFD4-0619-F387-0A8D-4868EF8202B3" name="Employees">
<createdBy>k3acp</createdBy>
<createdTime>2024-06-01 15:08:07 UTC</createdTime>
<ownerDesignName>aaaaaaaaaaa-baza</ownerDesignName>
<engineerTo>
<item key="515D3C5A-8537-E5CC-B8CA-FB567FF5463A" value="true"/>
</engineerTo>
<adequatelyNormalized>NO</adequatelyNormalized>
<expectedVolumes>0</expectedVolumes>
<fwdEngineeringStrategyName>Single Table</fwdEngineeringStrategyName>
<growthPercent>0</growthPercent>
<growthType>Year</growthType>
<hierarchicalParent>B52EE580-2081-BC53-B936-CF3BA27C64BE</hierarchicalParent>
<maxVolumes>9999999</maxVolumes>
<minVolumes>0</minVolumes>
<normalForm>Third</normalForm>
<generateDiscrimColumn>true</generateDiscrimColumn>
<discriminatorColumnName>Employees</discriminatorColumnName>
<attributes itemClass="oracle.dbtools.crest.model.design.logical.Attribute">
<Attribute name="id" id="2459140C-AF0A-58FA-4BE0-8B658B86653C">
<createdBy>k3acp</createdBy>
<createdTime>2024-06-11 10:36:56 UTC</createdTime>
<generatorID>BE48B177-BD9C-DBFA-F5C4-BCDE5E4A9772</generatorID>
<ownerDesignName>aaaaaaaaaaa-baza</ownerDesignName>
<engineerTo>
<item key="515D3C5A-8537-E5CC-B8CA-FB567FF5463A" value="true"/>
</engineerTo>
<referedAttribute>06917FDD-EEF8-3582-4C2A-8B434019DA73</referedAttribute>
<useDomainConstraints>false</useDomainConstraints>
<use>1</use>
<logicalDatatype>LOGDT011</logicalDatatype>
<ownDataTypeParameters>,,</ownDataTypeParameters>
</Attribute>
<Attribute name="position_id" id="C6B803EC-8273-8E4B-23EF-D63CC2B2378A">
<createdBy>k3acp</createdBy>
<createdTime>2024-06-01 15:08:07 UTC</createdTime>
<ownerDesignName>aaaaaaaaaaa-baza</ownerDesignName>
<engineerTo>
<item key="515D3C5A-8537-E5CC-B8CA-FB567FF5463A" value="true"/>
</engineerTo>
<nullsAllowed>true</nullsAllowed>
<useDomainConstraints>false</useDomainConstraints>
<use>1</use>
<logicalDatatype>LOGDT011</logicalDatatype>
<ownDataTypeParameters>,,</ownDataTypeParameters>
</Attribute>
<Attribute name="salary" id="957BE639-6540-8B62-83AD-17AFF3E1550E">
<createdBy>k3acp</createdBy>
<createdTime>2024-06-01 15:08:07 UTC</createdTime>
<ownerDesignName>aaaaaaaaaaa-baza</ownerDesignName>
<engineerTo>
<item key="515D3C5A-8537-E5CC-B8CA-FB567FF5463A" value="true"/>
</engineerTo>
<useDomainConstraints>false</useDomainConstraints>
<use>1</use>
<logicalDatatype>LOGDT011</logicalDatatype>
<ownDataTypeParameters>,,</ownDataTypeParameters>
</Attribute>
<Attribute name="date_employeed" id="B1DE9E4C-27CF-B934-F213-DE4F322844A8">
<createdBy>k3acp</createdBy>
<createdTime>2024-06-01 15:09:08 UTC</createdTime>
<ownerDesignName>aaaaaaaaaaa-baza</ownerDesignName>
<engineerTo>
<item key="515D3C5A-8537-E5CC-B8CA-FB567FF5463A" value="true"/>
</engineerTo>
<useDomainConstraints>false</useDomainConstraints>
<use>1</use>
<logicalDatatype>LOGDT007</logicalDatatype>
<ownDataTypeParameters>,,</ownDataTypeParameters>
</Attribute>
</attributes>
<identifiers itemClass="oracle.dbtools.crest.model.design.logical.CandidateKey">
<identifier id="BEFB6D46-172D-E255-FE3A-639740559D4D" name="riders PK">
<createdBy>k3acp</createdBy>
<createdTime>2024-06-01 15:08:07 UTC</createdTime>
<ownerDesignName>aaaaaaaaaaa-baza</ownerDesignName>
<engineerTo>
<item key="515D3C5A-8537-E5CC-B8CA-FB567FF5463A" value="true"/>
</engineerTo>
<pk>true</pk>
<usedAttributes>
<attributeRef>2459140C-AF0A-58FA-4BE0-8B658B86653C</attributeRef>
</usedAttributes>
</identifier>
</identifiers>
</Entity>