<?xml version = '1.0' encoding = 'UTF-8'?>
<Entity class="oracle.dbtools.crest.model.design.logical.Entity" directorySegmentName="seg_0" id="8A4C86FC-4C91-8184-F1CA-472212696191" name="Classes">
<createdBy>k3acp</createdBy>
<createdTime>2024-06-01 15:14:08 UTC</createdTime>
<ownerDesignName>aaaaaaaaaaa-baza</ownerDesignName>
<engineerTo>
<item key="515D3C5A-8537-E5CC-B8CA-FB567FF5463A" value="true"/>
</engineerTo>
<adequatelyNormalized>NO</adequatelyNormalized>
<expectedVolumes>0</expectedVolumes>
<fwdEngineeringStrategyName>Single Table</fwdEngineeringStrategyName>
<growthPercent>0</growthPercent>
<growthType>Year</growthType>
<maxVolumes>9999999</maxVolumes>
<minVolumes>0</minVolumes>
<normalForm>Third</normalForm>
<attributes itemClass="oracle.dbtools.crest.model.design.logical.Attribute">
<Attribute name="id" id="00BB8B13-75D0-E74D-6842-D1B7EA6755BB">
<createdBy>k3acp</createdBy>
<createdTime>2024-06-01 15:16:45 UTC</createdTime>
<ownerDesignName>aaaaaaaaaaa-baza</ownerDesignName>
<engineerTo>
<item key="515D3C5A-8537-E5CC-B8CA-FB567FF5463A" value="true"/>
</engineerTo>
<useDomainConstraints>false</useDomainConstraints>
<use>1</use>
<logicalDatatype>LOGDT011</logicalDatatype>
<ownDataTypeParameters>,,</ownDataTypeParameters>
</Attribute>
<Attribute name="type" id="7B6A6567-F480-D1C4-38F8-0F7D9E4E9C33">
<createdBy>k3acp</createdBy>
<createdTime>2024-06-01 15:16:54 UTC</createdTime>
<ownerDesignName>aaaaaaaaaaa-baza</ownerDesignName>
<engineerTo>
<item key="515D3C5A-8537-E5CC-B8CA-FB567FF5463A" value="true"/>
</engineerTo>
<useDomainConstraints>false</useDomainConstraints>
<use>1</use>
<logicalDatatype>LOGDT037</logicalDatatype>
<dataTypeSize>255 BYTE</dataTypeSize>
<ownDataTypeParameters>255 BYTE,,</ownDataTypeParameters>
</Attribute>
<Attribute name="date" id="400FD241-0249-6E4E-FBBB-AF57A6E18DB8">
<createdBy>k3acp</createdBy>
<createdTime>2024-06-01 15:17:06 UTC</createdTime>
<ownerDesignName>aaaaaaaaaaa-baza</ownerDesignName>
<engineerTo>
<item key="515D3C5A-8537-E5CC-B8CA-FB567FF5463A" value="true"/>
</engineerTo>
<useDomainConstraints>false</useDomainConstraints>
<use>1</use>
<logicalDatatype>LOGDT007</logicalDatatype>
<ownDataTypeParameters>,,</ownDataTypeParameters>
</Attribute>
<Attribute name="trainer_id" id="78D5BACA-7869-7D1E-B0BB-DB1B59F95E1E">
<createdBy>k3acp</createdBy>
<createdTime>2024-06-01 15:17:19 UTC</createdTime>
<ownerDesignName>aaaaaaaaaaa-baza</ownerDesignName>
<engineerTo>
<item key="515D3C5A-8537-E5CC-B8CA-FB567FF5463A" value="true"/>
</engineerTo>
<useDomainConstraints>false</useDomainConstraints>
<use>1</use>
<logicalDatatype>LOGDT011</logicalDatatype>
<ownDataTypeParameters>,,</ownDataTypeParameters>
</Attribute>
<Attribute name="group_id" id="04D586F1-8CDE-CBF9-1AA0-332FC2A529F4">
<createdBy>k3acp</createdBy>
<createdTime>2024-06-01 15:17:32 UTC</createdTime>
<ownerDesignName>aaaaaaaaaaa-baza</ownerDesignName>
<engineerTo>
<item key="515D3C5A-8537-E5CC-B8CA-FB567FF5463A" value="true"/>
</engineerTo>
<useDomainConstraints>false</useDomainConstraints>
<use>1</use>
<logicalDatatype>LOGDT011</logicalDatatype>
<ownDataTypeParameters>,,</ownDataTypeParameters>
</Attribute>
<Attribute name="stable_id" id="28E8F336-BBBF-A699-1738-A3D5BCAF55F2">
<createdBy>k3acp</createdBy>
<createdTime>2024-06-01 15:17:48 UTC</createdTime>
<ownerDesignName>aaaaaaaaaaa-baza</ownerDesignName>
<engineerTo>
<item key="515D3C5A-8537-E5CC-B8CA-FB567FF5463A" value="true"/>
</engineerTo>
<useDomainConstraints>false</useDomainConstraints>
<use>1</use>
<logicalDatatype>LOGDT011</logicalDatatype>
<ownDataTypeParameters>,,</ownDataTypeParameters>
</Attribute>
<Attribute name="id1" id="001AA55F-3BEC-72BF-13A9-DF5CF48FB91A">
<createdBy>k3acp</createdBy>
<createdTime>2024-06-11 10:35:33 UTC</createdTime>
<generatorID>5447775F-4D15-621E-FF0E-2B280FEFF8DB</generatorID>
<ownerDesignName>aaaaaaaaaaa-baza</ownerDesignName>
<engineerTo>
<item key="515D3C5A-8537-E5CC-B8CA-FB567FF5463A" value="true"/>
</engineerTo>
<referedAttribute>7BAB7883-BC1C-BDD9-C242-6A7562C2481F</referedAttribute>
<useDomainConstraints>false</useDomainConstraints>
<use>1</use>
<logicalDatatype>LOGDT011</logicalDatatype>
<ownDataTypeParameters>,,</ownDataTypeParameters>
</Attribute>
<Attribute name="id3" id="EBEE89F3-3B0F-271B-1AA2-1A78FDB10227">
<createdBy>k3acp</createdBy>
<createdTime>2024-06-11 10:43:03 UTC</createdTime>
<generatorID>27C162A9-92DA-9405-32ED-806F3D7A52D0</generatorID>
<ownerDesignName>aaaaaaaaaaa-baza</ownerDesignName>
<engineerTo>
<item key="515D3C5A-8537-E5CC-B8CA-FB567FF5463A" value="true"/>
</engineerTo>
<nullsAllowed>true</nullsAllowed>
<referedAttribute>2459140C-AF0A-58FA-4BE0-8B658B86653C</referedAttribute>
<useDomainConstraints>false</useDomainConstraints>
<use>1</use>
<logicalDatatype>LOGDT011</logicalDatatype>
<ownDataTypeParameters>,,</ownDataTypeParameters>
</Attribute>
<Attribute name="id2" id="CBCD9B55-38D4-2838-98DF-49302E06E682">
<createdBy>k3acp</createdBy>
<createdTime>2024-06-11 10:55:59 UTC</createdTime>
<generatorID>149E04E4-980E-7362-A9E6-5AEBD94CDCD0</generatorID>
<ownerDesignName>aaaaaaaaaaa-baza</ownerDesignName>
<engineerTo>
<item key="515D3C5A-8537-E5CC-B8CA-FB567FF5463A" value="true"/>
</engineerTo>
<referedAttribute>DDC9CB04-38D4-8510-1F15-ACE558D0C9FA</referedAttribute>
<useDomainConstraints>false</useDomainConstraints>
<use>1</use>
<logicalDatatype>LOGDT011</logicalDatatype>
<ownDataTypeParameters>,,</ownDataTypeParameters>
</Attribute>
</attributes>
<identifiers itemClass="oracle.dbtools.crest.model.design.logical.CandidateKey">
<identifier id="65C7E92A-229B-A978-2719-5158B425473E" name="Classes PK">
<createdBy>k3acp</createdBy>
<createdTime>2024-06-01 15:17:09 UTC</createdTime>
<ownerDesignName>aaaaaaaaaaa-baza</ownerDesignName>
<shouldEngineer>false</shouldEngineer>
<engineerTo>
<item key="515D3C5A-8537-E5CC-B8CA-FB567FF5463A" value="false"/>
</engineerTo>
<pk>true</pk>
<usedAttributes>
<attributeRef>00BB8B13-75D0-E74D-6842-D1B7EA6755BB</attributeRef>
</usedAttributes>
</identifier>
</identifiers>
</Entity>