<?xml version = '1.0' encoding = 'UTF-8'?>
<Entity class="oracle.dbtools.crest.model.design.logical.Entity" directorySegmentName="seg_0" id="AE4F12E3-8284-7C18-50C1-FC24DF540976" name="Accessory_Type">
<createdBy>k3acp</createdBy>
<createdTime>2024-06-24 08:21:02 UTC</createdTime>
<ownerDesignName>aaaaaaaaaaa-baza</ownerDesignName>
<engineerTo>
<item key="515D3C5A-8537-E5CC-B8CA-FB567FF5463A" value="true"/>
</engineerTo>
<adequatelyNormalized>NO</adequatelyNormalized>
<expectedVolumes>0</expectedVolumes>
<fwdEngineeringStrategyName>Single Table</fwdEngineeringStrategyName>
<growthPercent>0</growthPercent>
<growthType>Year</growthType>
<maxVolumes>9999999</maxVolumes>
<minVolumes>0</minVolumes>
<normalForm>Third</normalForm>
<attributes itemClass="oracle.dbtools.crest.model.design.logical.Attribute">
<Attribute name="id" id="396A8D54-83F4-D820-A1B5-B0A70E9FA424">
<createdBy>k3acp</createdBy>
<createdTime>2024-06-24 08:21:30 UTC</createdTime>
<ownerDesignName>aaaaaaaaaaa-baza</ownerDesignName>
<engineerTo>
<item key="515D3C5A-8537-E5CC-B8CA-FB567FF5463A" value="true"/>
</engineerTo>
<useDomainConstraints>false</useDomainConstraints>
<use>1</use>
<logicalDatatype>LOGDT011</logicalDatatype>
<ownDataTypeParameters>,,</ownDataTypeParameters>
</Attribute>
<Attribute name="type_name" id="99E8487D-664E-866E-F3BB-511DB731C2C9">
<createdBy>k3acp</createdBy>
<createdTime>2024-06-24 08:21:43 UTC</createdTime>
<ownerDesignName>aaaaaaaaaaa-baza</ownerDesignName>
<engineerTo>
<item key="515D3C5A-8537-E5CC-B8CA-FB567FF5463A" value="true"/>
</engineerTo>
<useDomainConstraints>false</useDomainConstraints>
<use>1</use>
<logicalDatatype>LOGDT037</logicalDatatype>
<dataTypeSize>255 BYTE</dataTypeSize>
<ownDataTypeParameters>255 BYTE,,</ownDataTypeParameters>
</Attribute>
</attributes>
<identifiers itemClass="oracle.dbtools.crest.model.design.logical.CandidateKey">
<identifier id="30E031CC-3F36-6E49-C040-110343FEC1B1" name="AccessoryType PK">
<createdBy>k3acp</createdBy>
<createdTime>2024-06-24 08:21:37 UTC</createdTime>
<ownerDesignName>aaaaaaaaaaa-baza</ownerDesignName>
<shouldEngineer>false</shouldEngineer>
<engineerTo>
<item key="515D3C5A-8537-E5CC-B8CA-FB567FF5463A" value="false"/>
</engineerTo>
<pk>true</pk>
<usedAttributes>
<attributeRef>396A8D54-83F4-D820-A1B5-B0A70E9FA424</attributeRef>
</usedAttributes>
</identifier>
</identifiers>
</Entity>