<?xml version = '1.0' encoding = 'UTF-8'?>
<Entity class="oracle.dbtools.crest.model.design.logical.Entity" directorySegmentName="seg_0" id="B4C9D9EC-E174-183A-FE17-E15D255ED6FE" name="Accessories">
<createdBy>k3acp</createdBy>
<createdTime>2024-06-01 15:13:26 UTC</createdTime>
<ownerDesignName>aaaaaaaaaaa-baza</ownerDesignName>
<engineerTo>
<item key="515D3C5A-8537-E5CC-B8CA-FB567FF5463A" value="true"/>
</engineerTo>
<adequatelyNormalized>NO</adequatelyNormalized>
<expectedVolumes>0</expectedVolumes>
<fwdEngineeringStrategyName>Single Table</fwdEngineeringStrategyName>
<growthPercent>0</growthPercent>
<growthType>Year</growthType>
<maxVolumes>9999999</maxVolumes>
<minVolumes>0</minVolumes>
<normalForm>Third</normalForm>
<attributes itemClass="oracle.dbtools.crest.model.design.logical.Attribute">
<Attribute name="id" id="5FA3AAFB-5763-B94A-1C98-A725C20049C3">
<createdBy>k3acp</createdBy>
<createdTime>2024-06-01 15:13:34 UTC</createdTime>
<ownerDesignName>aaaaaaaaaaa-baza</ownerDesignName>
<engineerTo>
<item key="515D3C5A-8537-E5CC-B8CA-FB567FF5463A" value="true"/>
</engineerTo>
<useDomainConstraints>false</useDomainConstraints>
<use>1</use>
<logicalDatatype>LOGDT011</logicalDatatype>
<ownDataTypeParameters>,,</ownDataTypeParameters>
</Attribute>
<Attribute name="name" id="636738A0-4868-3C2C-CBEF-3363E93B7A04">
<createdBy>k3acp</createdBy>
<createdTime>2024-06-11 10:38:08 UTC</createdTime>
<ownerDesignName>aaaaaaaaaaa-baza</ownerDesignName>
<engineerTo>
<item key="515D3C5A-8537-E5CC-B8CA-FB567FF5463A" value="true"/>
</engineerTo>
<useDomainConstraints>false</useDomainConstraints>
<use>1</use>
<logicalDatatype>LOGDT037</logicalDatatype>
<ownDataTypeParameters>,,</ownDataTypeParameters>
</Attribute>
<Attribute name="type_id" id="6A67588F-47D9-6116-B3E2-C7F12C4E7A38">
<createdBy>k3acp</createdBy>
<createdTime>2024-06-24 08:22:56 UTC</createdTime>
<ownerDesignName>aaaaaaaaaaa-baza</ownerDesignName>
<engineerTo>
<item key="515D3C5A-8537-E5CC-B8CA-FB567FF5463A" value="true"/>
</engineerTo>
<useDomainConstraints>false</useDomainConstraints>
<use>1</use>
<logicalDatatype>LOGDT011</logicalDatatype>
<ownDataTypeParameters>,,</ownDataTypeParameters>
</Attribute>
<Attribute name="id1" id="5E172A1E-8D4B-3B3F-8450-5A0AEBDB1B94">
<createdBy>k3acp</createdBy>
<createdTime>2024-06-24 08:27:32 UTC</createdTime>
<generatorID>E970B119-5A89-90AE-EC2C-A5EA3921D11A</generatorID>
<ownerDesignName>aaaaaaaaaaa-baza</ownerDesignName>
<engineerTo>
<item key="515D3C5A-8537-E5CC-B8CA-FB567FF5463A" value="true"/>
</engineerTo>
<referedAttribute>F8C03728-6D4E-6FA1-2697-7C418B52EF6B</referedAttribute>
<useDomainConstraints>false</useDomainConstraints>
<use>1</use>
<logicalDatatype>LOGDT011</logicalDatatype>
<ownDataTypeParameters>,,</ownDataTypeParameters>
</Attribute>
<Attribute name="id2" id="77DD41B7-1401-B85D-E465-91F049A425F3">
<createdBy>k3acp</createdBy>
<createdTime>2024-06-24 08:28:24 UTC</createdTime>
<generatorID>DB5C1A01-077C-E7B4-50B6-A8AB3D8715F7</generatorID>
<ownerDesignName>aaaaaaaaaaa-baza</ownerDesignName>
<engineerTo>
<item key="515D3C5A-8537-E5CC-B8CA-FB567FF5463A" value="true"/>
</engineerTo>
<referedAttribute>396A8D54-83F4-D820-A1B5-B0A70E9FA424</referedAttribute>
<useDomainConstraints>false</useDomainConstraints>
<use>1</use>
<logicalDatatype>LOGDT011</logicalDatatype>
<ownDataTypeParameters>,,</ownDataTypeParameters>
</Attribute>
</attributes>
<identifiers itemClass="oracle.dbtools.crest.model.design.logical.CandidateKey">
<identifier id="637F25A9-2A42-2483-3189-5EF4A85A9A4B" name="Accessories PK">
<createdBy>k3acp</createdBy>
<createdTime>2024-06-01 15:13:40 UTC</createdTime>
<ownerDesignName>aaaaaaaaaaa-baza</ownerDesignName>
<shouldEngineer>false</shouldEngineer>
<engineerTo>
<item key="515D3C5A-8537-E5CC-B8CA-FB567FF5463A" value="false"/>
</engineerTo>
<pk>true</pk>
<usedAttributes>
<attributeRef>5FA3AAFB-5763-B94A-1C98-A725C20049C3</attributeRef>
</usedAttributes>
</identifier>
</identifiers>
</Entity>