<?xml version = '1.0' encoding = 'UTF-8'?>
<Entity class="oracle.dbtools.crest.model.design.logical.Entity" directorySegmentName="seg_0" id="B8A70266-2312-FD2D-0FBC-1EF0BC6BEE91" name="Address">
<createdBy>k3acp</createdBy>
<createdTime>2024-06-01 15:21:08 UTC</createdTime>
<ownerDesignName>aaaaaaaaaaa-baza</ownerDesignName>
<engineerTo>
<item key="515D3C5A-8537-E5CC-B8CA-FB567FF5463A" value="true"/>
</engineerTo>
<adequatelyNormalized>NO</adequatelyNormalized>
<expectedVolumes>0</expectedVolumes>
<fwdEngineeringStrategyName>Single Table</fwdEngineeringStrategyName>
<growthPercent>0</growthPercent>
<growthType>Year</growthType>
<maxVolumes>9999999</maxVolumes>
<minVolumes>0</minVolumes>
<normalForm>Third</normalForm>
<attributes itemClass="oracle.dbtools.crest.model.design.logical.Attribute">
<Attribute name="id" id="9F01995D-5326-5852-C061-07EA5C146F3F">
<createdBy>k3acp</createdBy>
<createdTime>2024-06-01 15:21:13 UTC</createdTime>
<ownerDesignName>aaaaaaaaaaa-baza</ownerDesignName>
<engineerTo>
<item key="515D3C5A-8537-E5CC-B8CA-FB567FF5463A" value="true"/>
</engineerTo>
<useDomainConstraints>false</useDomainConstraints>
<use>1</use>
<logicalDatatype>LOGDT011</logicalDatatype>
<ownDataTypeParameters>,,</ownDataTypeParameters>
</Attribute>
<Attribute name="country" id="A1DD1571-5D81-CB41-078A-67A03852DA9F">
<createdBy>k3acp</createdBy>
<createdTime>2024-06-01 15:21:28 UTC</createdTime>
<ownerDesignName>aaaaaaaaaaa-baza</ownerDesignName>
<engineerTo>
<item key="515D3C5A-8537-E5CC-B8CA-FB567FF5463A" value="true"/>
</engineerTo>
<useDomainConstraints>false</useDomainConstraints>
<use>1</use>
<logicalDatatype>LOGDT037</logicalDatatype>
<dataTypeSize>255 BYTE</dataTypeSize>
<ownDataTypeParameters>255 BYTE,,</ownDataTypeParameters>
</Attribute>
<Attribute name="city" id="EFB889D0-28EF-FB5C-52B0-16B22347FB92">
<createdBy>k3acp</createdBy>
<createdTime>2024-06-01 15:21:39 UTC</createdTime>
<ownerDesignName>aaaaaaaaaaa-baza</ownerDesignName>
<engineerTo>
<item key="515D3C5A-8537-E5CC-B8CA-FB567FF5463A" value="true"/>
</engineerTo>
<useDomainConstraints>false</useDomainConstraints>
<use>1</use>
<logicalDatatype>LOGDT037</logicalDatatype>
<dataTypeSize>255 BYTE</dataTypeSize>
<ownDataTypeParameters>255 BYTE,,</ownDataTypeParameters>
</Attribute>
<Attribute name="street" id="849A174C-0E84-5A73-6FEB-2409AF835C04">
<createdBy>k3acp</createdBy>
<createdTime>2024-06-01 15:21:49 UTC</createdTime>
<ownerDesignName>aaaaaaaaaaa-baza</ownerDesignName>
<engineerTo>
<item key="515D3C5A-8537-E5CC-B8CA-FB567FF5463A" value="true"/>
</engineerTo>
<useDomainConstraints>false</useDomainConstraints>
<use>1</use>
<logicalDatatype>LOGDT037</logicalDatatype>
<dataTypeSize>255 BYTE</dataTypeSize>
<ownDataTypeParameters>255 BYTE,,</ownDataTypeParameters>
</Attribute>
<Attribute name="street_no" id="5A6DAC04-310B-5864-C420-D0F9A00139FA">
<createdBy>k3acp</createdBy>
<createdTime>2024-06-01 15:22:02 UTC</createdTime>
<ownerDesignName>aaaaaaaaaaa-baza</ownerDesignName>
<engineerTo>
<item key="515D3C5A-8537-E5CC-B8CA-FB567FF5463A" value="true"/>
</engineerTo>
<useDomainConstraints>false</useDomainConstraints>
<use>1</use>
<logicalDatatype>LOGDT037</logicalDatatype>
<dataTypeSize>255 BYTE</dataTypeSize>
<ownDataTypeParameters>255 BYTE,,</ownDataTypeParameters>
</Attribute>
<Attribute name="postal_code" id="91FD2B2A-5A39-8BBA-1985-CE0E9DFBE2BF">
<createdBy>k3acp</createdBy>
<createdTime>2024-06-01 15:22:16 UTC</createdTime>
<ownerDesignName>aaaaaaaaaaa-baza</ownerDesignName>
<engineerTo>
<item key="515D3C5A-8537-E5CC-B8CA-FB567FF5463A" value="true"/>
</engineerTo>
<useDomainConstraints>false</useDomainConstraints>
<use>1</use>
<logicalDatatype>LOGDT037</logicalDatatype>
<dataTypeSize>255 BYTE</dataTypeSize>
<ownDataTypeParameters>255 BYTE,,</ownDataTypeParameters>
</Attribute>
<Attribute name="id2" id="A2ACACCD-D717-381B-BC86-49252BE4CBF7">
<createdBy>k3acp</createdBy>
<createdTime>2024-06-11 10:41:32 UTC</createdTime>
<generatorID>70501D60-9F33-1864-90A9-157016370457</generatorID>
<ownerDesignName>aaaaaaaaaaa-baza</ownerDesignName>
<engineerTo>
<item key="515D3C5A-8537-E5CC-B8CA-FB567FF5463A" value="true"/>
</engineerTo>
<referedAttribute>DDC9CB04-38D4-8510-1F15-ACE558D0C9FA</referedAttribute>
<useDomainConstraints>false</useDomainConstraints>
<use>1</use>
<logicalDatatype>LOGDT011</logicalDatatype>
<ownDataTypeParameters>,,</ownDataTypeParameters>
</Attribute>
<Attribute name="id3" id="9E0D63ED-8F86-415B-2D90-362D41A6D2CF">
<createdBy>k3acp</createdBy>
<createdTime>2024-06-11 10:41:56 UTC</createdTime>
<generatorID>D272EA72-B943-2C4A-26B5-52B39F330BD4</generatorID>
<ownerDesignName>aaaaaaaaaaa-baza</ownerDesignName>
<engineerTo>
<item key="515D3C5A-8537-E5CC-B8CA-FB567FF5463A" value="true"/>
</engineerTo>
<referedAttribute>D560EB4D-2BC8-E30A-F7D8-CA8159F7ABE8</referedAttribute>
<useDomainConstraints>false</useDomainConstraints>
<use>1</use>
<logicalDatatype>LOGDT011</logicalDatatype>
<ownDataTypeParameters>,,</ownDataTypeParameters>
</Attribute>
</attributes>
<identifiers itemClass="oracle.dbtools.crest.model.design.logical.CandidateKey">
<identifier id="8F7430B9-06F7-02DD-603C-3D95E2CB8C35" name="Address PK">
<createdBy>k3acp</createdBy>
<createdTime>2024-06-01 15:21:27 UTC</createdTime>
<ownerDesignName>aaaaaaaaaaa-baza</ownerDesignName>
<shouldEngineer>false</shouldEngineer>
<engineerTo>
<item key="515D3C5A-8537-E5CC-B8CA-FB567FF5463A" value="false"/>
</engineerTo>
<pk>true</pk>
<usedAttributes>
<attributeRef>9F01995D-5326-5852-C061-07EA5C146F3F</attributeRef>
</usedAttributes>
</identifier>
</identifiers>
</Entity>