<?xml version = '1.0' encoding = 'UTF-8'?>
<Table class="oracle.dbtools.crest.model.design.relational.Table" directorySegmentName="seg_0" id="0BBAC7B1-06AD-D858-AC22-09A26ED55A4A" name="Tournaments">
<createdBy>k3acp</createdBy>
<createdTime>2024-06-11 10:59:56 UTC</createdTime>
<generatorID>18FC78FC-A943-2C09-B6E3-1A40238F4830</generatorID>
<ownerDesignName>aaaaaaaaaaa-baza</ownerDesignName>
<allowColumnReorder>false</allowColumnReorder>
<existDependencyGenerateInDDl>true</existDependencyGenerateInDDl>
<parsed>true</parsed>
<columns itemClass="oracle.dbtools.crest.model.design.relational.Column">
<Column name="id" id="B9556ED7-5753-9DBA-CB0D-8FF52B3B2677">
<createdBy>k3acp</createdBy>
<createdTime>2024-06-11 10:59:56 UTC</createdTime>
<generatorID>D560EB4D-2BC8-E30A-F7D8-CA8159F7ABE8</generatorID>
<ownerDesignName>aaaaaaaaaaa-baza</ownerDesignName>
<useDomainConstraints>false</useDomainConstraints>
<use>1</use>
<logicalDatatype>LOGDT011</logicalDatatype>
<ownDataTypeParameters>,,</ownDataTypeParameters>
<autoIncrementCycle>false</autoIncrementCycle>
</Column>
<Column name="name" id="B8ED26F7-2197-74F7-308E-5938709DFAF8">
<createdBy>k3acp</createdBy>
<createdTime>2024-06-11 10:59:56 UTC</createdTime>
<generatorID>D668DBC2-3338-208F-B45D-C18193D65446</generatorID>
<ownerDesignName>aaaaaaaaaaa-baza</ownerDesignName>
<useDomainConstraints>false</useDomainConstraints>
<use>1</use>
<logicalDatatype>LOGDT037</logicalDatatype>
<dataTypeSize>255 BYTE</dataTypeSize>
<ownDataTypeParameters>255 BYTE,,</ownDataTypeParameters>
<autoIncrementCycle>false</autoIncrementCycle>
</Column>
<Column name="address_id" id="53D7D89D-12D5-D772-3A48-E99DCA98C7D2">
<createdBy>k3acp</createdBy>
<createdTime>2024-06-11 10:59:56 UTC</createdTime>
<generatorID>6DE75AD0-6D85-D9E6-8A3B-6AFAF512543E</generatorID>
<ownerDesignName>aaaaaaaaaaa-baza</ownerDesignName>
<useDomainConstraints>false</useDomainConstraints>
<use>1</use>
<logicalDatatype>LOGDT011</logicalDatatype>
<ownDataTypeParameters>,,</ownDataTypeParameters>
<autoIncrementCycle>false</autoIncrementCycle>
</Column>
<Column name="date" id="51E5D096-0584-3AAB-4026-5539AD96FAFE">
<createdBy>k3acp</createdBy>
<createdTime>2024-06-24 08:44:29 UTC</createdTime>
<generatorID>2FDE8DE0-B1CB-EE68-0DB3-ADDC5F88C202</generatorID>
<ownerDesignName>aaaaaaaaaaa-baza</ownerDesignName>
<useDomainConstraints>false</useDomainConstraints>
<use>1</use>
<logicalDatatype>LOGDT007</logicalDatatype>
<ownDataTypeParameters>,,</ownDataTypeParameters>
<autoIncrementCycle>false</autoIncrementCycle>
</Column>
<Column name="judge_id" id="0D99271B-E98F-EA94-9814-2AF1E7278894">
<createdBy>k3acp</createdBy>
<createdTime>2024-06-24 08:44:29 UTC</createdTime>
<generatorID>E68F2B43-6E1F-E28F-5C8F-A3375E2D3FC0</generatorID>
<ownerDesignName>aaaaaaaaaaa-baza</ownerDesignName>
<useDomainConstraints>false</useDomainConstraints>
<use>1</use>
<logicalDatatype>LOGDT011</logicalDatatype>
<ownDataTypeParameters>,,</ownDataTypeParameters>
<autoIncrementCycle>false</autoIncrementCycle>
</Column>
<Column name="Employees_Positions_id" id="C0D572E0-778E-EF94-DD03-77CBB352B60D">
<createdBy>k3acp</createdBy>
<createdTime>2024-06-24 08:44:29 UTC</createdTime>
<generatorID>9E83FD8A-9086-970F-A856-F9D9457ADE1A</generatorID>
<ownerDesignName>aaaaaaaaaaa-baza</ownerDesignName>
<useDomainConstraints>false</useDomainConstraints>
<use>1</use>
<logicalDatatype>LOGDT011</logicalDatatype>
<ownDataTypeParameters>,,</ownDataTypeParameters>
<previousColumn>false</previousColumn>
<autoIncrementCycle>false</autoIncrementCycle>
<associations>
<colAssociation fkAssociation="F503BD45-CAEC-D9EE-309A-C92A373A25A6" referredColumn="7D141836-2F5D-9FC5-C13E-24A5BFD90ED1"/>
</associations>
</Column>
<Column name="Address_id1" id="4F698E42-8D44-B0BC-B86E-A099A67FC9E0">
<createdBy>k3acp</createdBy>
<createdTime>2024-06-24 09:18:23 UTC</createdTime>
<generatorID>9407346D-D656-A62B-A990-6C101C0C54FE</generatorID>
<ownerDesignName>aaaaaaaaaaa-baza</ownerDesignName>
<useDomainConstraints>false</useDomainConstraints>
<use>1</use>
<logicalDatatype>LOGDT011</logicalDatatype>
<ownDataTypeParameters>,,</ownDataTypeParameters>
<previousColumn>false</previousColumn>
<autoIncrementCycle>false</autoIncrementCycle>
</Column>
</columns>
<indexes itemClass="oracle.dbtools.crest.model.design.relational.Index">
<ind_PK_UK id="A36FEABE-8404-9E3A-F0C6-5515C6073EBA" name="Tournaments_PK">
<createdBy>k3acp</createdBy>
<createdTime>2024-06-11 10:59:56 UTC</createdTime>
<generatorID>AB50DA63-3080-C9AA-389C-8773251F96F0</generatorID>
<ownerDesignName>aaaaaaaaaaa-baza</ownerDesignName>
<pk>true</pk>
<indexState>Primary Constraint</indexState>
<isSurrogateKey>false</isSurrogateKey>
<indexColumnUsage>
<colUsage columnID="B9556ED7-5753-9DBA-CB0D-8FF52B3B2677"/>
</indexColumnUsage>
</ind_PK_UK>
<ind_PK_UK id="62C24C84-DD7A-AA0B-9302-01E4F02F2214" name="Tournaments__IDX">
<createdBy>k3acp</createdBy>
<createdTime>2024-06-24 08:44:29 UTC</createdTime>
<ownerDesignName>aaaaaaaaaaa-baza</ownerDesignName>
<indexState>Unique Plain Index</indexState>
<isSurrogateKey>false</isSurrogateKey>
<relationGeneratorID>AF987607-35CB-5EF7-C9AF-59C5521B0B23</relationGeneratorID>
<indexColumnUsage>
<colUsage columnID="C0D572E0-778E-EF94-DD03-77CBB352B60D"/>
</indexColumnUsage>
</ind_PK_UK>
<ind_PK_UK id="15CDCC4E-2ED9-D5F1-91DC-CAB4D84F0681" name="Tournaments__IDXv1">
<createdBy>k3acp</createdBy>
<createdTime>2024-06-24 09:18:23 UTC</createdTime>
<ownerDesignName>aaaaaaaaaaa-baza</ownerDesignName>
<indexState>Unique Plain Index</indexState>
<isSurrogateKey>false</isSurrogateKey>
<relationGeneratorID>D272EA72-B943-2C4A-26B5-52B39F330BD4</relationGeneratorID>
<indexColumnUsage>
<colUsage columnID="4F698E42-8D44-B0BC-B86E-A099A67FC9E0"/>
</indexColumnUsage>
</ind_PK_UK>
<ind_PK_UK id="A47F6541-69C3-0788-E6CC-BB999116ABFC" name="Tournaments_Employees_FK">
<createdBy>k3acp</createdBy>
<createdTime>2024-06-24 08:44:29 UTC</createdTime>
<generatorID>AF987607-35CB-5EF7-C9AF-59C5521B0B23</generatorID>
<ownerDesignName>aaaaaaaaaaa-baza</ownerDesignName>
<indexState>Foreign Key</indexState>
<isSurrogateKey>false</isSurrogateKey>
<indexColumnUsage>
<colUsage columnID="C0D572E0-778E-EF94-DD03-77CBB352B60D"/>
</indexColumnUsage>
</ind_PK_UK>
</indexes>
</Table>