<?xml version = '1.0' encoding = 'UTF-8'?>
<Table class="oracle.dbtools.crest.model.design.relational.Table" directorySegmentName="seg_0" id="3B46772C-E453-290E-054A-9E049BC685D0" name="Riders">
<createdBy>k3acp</createdBy>
<createdTime>2024-06-11 10:59:56 UTC</createdTime>
<generatorID>47B63BA2-14CF-1B26-D404-B762102248BB</generatorID>
<ownerDesignName>aaaaaaaaaaa-baza</ownerDesignName>
<allowColumnReorder>false</allowColumnReorder>
<existDependencyGenerateInDDl>true</existDependencyGenerateInDDl>
<parsed>true</parsed>
<columns itemClass="oracle.dbtools.crest.model.design.relational.Column">
<Column name="id" id="42DFFF1E-29FE-0472-A662-42FE4463150B">
<createdBy>k3acp</createdBy>
<createdTime>2024-06-11 10:59:56 UTC</createdTime>
<generatorID>BA3F719F-A8AF-C9D8-89AE-04A9D5B2260B</generatorID>
<ownerDesignName>aaaaaaaaaaa-baza</ownerDesignName>
<useDomainConstraints>false</useDomainConstraints>
<use>1</use>
<logicalDatatype>LOGDT011</logicalDatatype>
<ownDataTypeParameters>,,</ownDataTypeParameters>
<autoIncrementCycle>false</autoIncrementCycle>
<associations>
<colAssociation fkAssociation="0A74DCFF-E79F-713B-ACA1-80EFEADFE555" referredColumn="6215348F-FC9C-B5AC-836E-471F801AD09A"/>
</associations>
</Column>
<Column name="Groups_id" id="3CFF9696-E865-EA7F-FC9D-051E64B6D291">
<createdBy>k3acp</createdBy>
<createdTime>2024-06-11 10:59:56 UTC</createdTime>
<generatorID>C6EA2D14-858D-42D2-1158-6E7A0F88EFDA</generatorID>
<ownerDesignName>aaaaaaaaaaa-baza</ownerDesignName>
<nullsAllowed>true</nullsAllowed>
<useDomainConstraints>false</useDomainConstraints>
<use>1</use>
<logicalDatatype>LOGDT011</logicalDatatype>
<ownDataTypeParameters>,,</ownDataTypeParameters>
<previousColumn>false</previousColumn>
<autoIncrementCycle>false</autoIncrementCycle>
<associations>
<colAssociation fkAssociation="60D23049-75DF-08E6-9715-6F7A02ABF925" referredColumn="D4720252-BDE3-03C0-5143-D6512E726596"/>
</associations>
</Column>
<Column name="parent_consent" id="6214E33B-8889-87F3-7FB1-43A85D912E8E">
<createdBy>k3acp</createdBy>
<createdTime>2024-06-11 10:59:56 UTC</createdTime>
<generatorID>AB869866-5C62-40A8-AF45-99F89331E49E</generatorID>
<ownerDesignName>aaaaaaaaaaa-baza</ownerDesignName>
<useDomainConstraints>false</useDomainConstraints>
<use>1</use>
<logicalDatatype>LOGDT006</logicalDatatype>
<dataTypeSize>1</dataTypeSize>
<ownDataTypeParameters>1,,</ownDataTypeParameters>
<autoIncrementCycle>false</autoIncrementCycle>
</Column>
<Column name="licence_id" id="575AE2DF-E4A5-5DDD-C0EC-B45E04AB895D">
<createdBy>k3acp</createdBy>
<createdTime>2024-06-11 10:59:56 UTC</createdTime>
<generatorID>B78D47C2-2D70-73E1-BD11-5DF99C48FEC5</generatorID>
<ownerDesignName>aaaaaaaaaaa-baza</ownerDesignName>
<useDomainConstraints>false</useDomainConstraints>
<use>1</use>
<logicalDatatype>LOGDT011</logicalDatatype>
<ownDataTypeParameters>,,</ownDataTypeParameters>
<autoIncrementCycle>false</autoIncrementCycle>
</Column>
<Column name="group_id" id="1B8A7D95-B978-10C7-D0C2-D4EAEB67936D">
<createdBy>k3acp</createdBy>
<createdTime>2024-06-11 10:59:56 UTC</createdTime>
<generatorID>40E569ED-5F82-C851-294B-201E444B3B12</generatorID>
<ownerDesignName>aaaaaaaaaaa-baza</ownerDesignName>
<useDomainConstraints>false</useDomainConstraints>
<use>1</use>
<logicalDatatype>LOGDT011</logicalDatatype>
<ownDataTypeParameters>,,</ownDataTypeParameters>
<autoIncrementCycle>false</autoIncrementCycle>
</Column>
<Column name="horse_id" id="0572E08D-1351-D9BE-18F5-54447A080087">
<createdBy>k3acp</createdBy>
<createdTime>2024-06-11 10:59:56 UTC</createdTime>
<generatorID>D768B97F-B0AB-4C10-368E-C597B6C531E3</generatorID>
<ownerDesignName>aaaaaaaaaaa-baza</ownerDesignName>
<useDomainConstraints>false</useDomainConstraints>
<use>1</use>
<logicalDatatype>LOGDT011</logicalDatatype>
<ownDataTypeParameters>,,</ownDataTypeParameters>
<autoIncrementCycle>false</autoIncrementCycle>
</Column>
<Column name="Tournament_Participants_id" id="91ED6B26-21B6-4E84-B6CB-78DAAF1FD87F">
<createdBy>k3acp</createdBy>
<createdTime>2024-06-11 10:59:56 UTC</createdTime>
<generatorID>16988F71-3860-14BA-804A-7997521F4180</generatorID>
<ownerDesignName>aaaaaaaaaaa-baza</ownerDesignName>
<useDomainConstraints>false</useDomainConstraints>
<use>1</use>
<logicalDatatype>LOGDT011</logicalDatatype>
<ownDataTypeParameters>,,</ownDataTypeParameters>
<previousColumn>false</previousColumn>
<autoIncrementCycle>false</autoIncrementCycle>
</Column>
<Column name="Horses_id" id="5470F864-1F8B-11D9-2884-BCB9FF1F6A3D">
<createdBy>k3acp</createdBy>
<createdTime>2024-06-24 09:18:23 UTC</createdTime>
<generatorID>698ACE68-5620-D501-7441-5455737FBAB9</generatorID>
<ownerDesignName>aaaaaaaaaaa-baza</ownerDesignName>
<nullsAllowed>true</nullsAllowed>
<useDomainConstraints>false</useDomainConstraints>
<use>1</use>
<logicalDatatype>LOGDT011</logicalDatatype>
<ownDataTypeParameters>,,</ownDataTypeParameters>
<previousColumn>false</previousColumn>
<autoIncrementCycle>false</autoIncrementCycle>
<associations>
<colAssociation fkAssociation="E4E242E8-4CEE-7B6C-C17C-41CAC2C4230D" referredColumn="C78FD719-924A-C29F-00A5-7FDA40CCC765"/>
</associations>
</Column>
</columns>
<indexes itemClass="oracle.dbtools.crest.model.design.relational.Index">
<ind_PK_UK id="0391EDE4-F62F-4FC1-ECB0-57EAF4C480CE" name="Riders_PK">
<createdBy>k3acp</createdBy>
<createdTime>2024-06-11 10:59:56 UTC</createdTime>
<generatorID>5665BBEC-EBD3-C95A-3B7D-7821BD256F08</generatorID>
<ownerDesignName>aaaaaaaaaaa-baza</ownerDesignName>
<pk>true</pk>
<indexState>Primary Constraint</indexState>
<isSurrogateKey>false</isSurrogateKey>
<indexColumnUsage>
<colUsage columnID="42DFFF1E-29FE-0472-A662-42FE4463150B"/>
</indexColumnUsage>
</ind_PK_UK>
<ind_PK_UK id="247F415A-3487-7A31-EDB1-DE0F552A9184" name="Riders_PKv1">
<createdBy>k3acp</createdBy>
<createdTime>2024-06-11 10:59:56 UTC</createdTime>
<generatorID>BB6649B2-2045-617B-8E0E-BEC7F0C4A402</generatorID>
<ownerDesignName>aaaaaaaaaaa-baza</ownerDesignName>
<indexState>Unique Constraint</indexState>
<isSurrogateKey>false</isSurrogateKey>
<indexColumnUsage>
<colUsage columnID="3CFF9696-E865-EA7F-FC9D-051E64B6D291"/>
</indexColumnUsage>
</ind_PK_UK>
<ind_PK_UK id="7ADDECB2-0829-9073-12F4-23228F85F432" name="Riders_Members_FK">
<createdBy>k3acp</createdBy>
<createdTime>2024-06-11 10:59:56 UTC</createdTime>
<generatorID>F261C4C0-86C3-0963-106D-2F2FD937CBDD</generatorID>
<ownerDesignName>aaaaaaaaaaa-baza</ownerDesignName>
<indexState>Foreign Key</indexState>
<isSurrogateKey>false</isSurrogateKey>
<indexColumnUsage>
<colUsage columnID="42DFFF1E-29FE-0472-A662-42FE4463150B"/>
</indexColumnUsage>
</ind_PK_UK>
<ind_PK_UK id="F6D61C4D-0D9F-CB19-4DE6-181AB646FA8F" name="Riders_Horses_FK">
<createdBy>k3acp</createdBy>
<createdTime>2024-06-24 09:30:13 UTC</createdTime>
<generatorID>6AC704A7-A212-552C-0DCE-BE8D3B02CF38</generatorID>
<ownerDesignName>aaaaaaaaaaa-baza</ownerDesignName>
<indexState>Foreign Key</indexState>
<isSurrogateKey>false</isSurrogateKey>
<indexColumnUsage>
<colUsage columnID="5470F864-1F8B-11D9-2884-BCB9FF1F6A3D"/>
</indexColumnUsage>
</ind_PK_UK>
<ind_PK_UK id="79902CB5-ABBF-43A2-BDF2-AD7135130CAD" name="Riders_Groups_FK">
<createdBy>k3acp</createdBy>
<createdTime>2024-06-24 09:30:13 UTC</createdTime>
<generatorID>383A1F6B-6985-8750-F3C7-B8AE2C1CE2BC</generatorID>
<ownerDesignName>aaaaaaaaaaa-baza</ownerDesignName>
<indexState>Foreign Key</indexState>
<isSurrogateKey>false</isSurrogateKey>
<indexColumnUsage>
<colUsage columnID="3CFF9696-E865-EA7F-FC9D-051E64B6D291"/>
</indexColumnUsage>
</ind_PK_UK>
</indexes>
</Table>