<?xml version = '1.0' encoding = 'UTF-8'?>
<Table class="oracle.dbtools.crest.model.design.relational.Table" directorySegmentName="seg_0" id="3C0A15F2-AACE-B021-9BA9-6F51FC7B11F2" name="Licence">
<createdBy>k3acp</createdBy>
<createdTime>2024-06-21 18:04:45 UTC</createdTime>
<generatorID>7309EE5C-E42B-6DE1-0908-EE553E934FD3</generatorID>
<ownerDesignName>aaaaaaaaaaa-baza</ownerDesignName>
<allowColumnReorder>false</allowColumnReorder>
<existDependencyGenerateInDDl>true</existDependencyGenerateInDDl>
<parsed>true</parsed>
<columns itemClass="oracle.dbtools.crest.model.design.relational.Column">
<Column name="id" id="B7FDAF33-2479-53F6-54C2-AEF9D75630B0">
<createdBy>k3acp</createdBy>
<createdTime>2024-06-21 18:04:45 UTC</createdTime>
<generatorID>B3E586E6-C358-43CF-9804-CA8741A488D3</generatorID>
<ownerDesignName>aaaaaaaaaaa-baza</ownerDesignName>
<useDomainConstraints>false</useDomainConstraints>
<use>1</use>
<logicalDatatype>LOGDT011</logicalDatatype>
<ownDataTypeParameters>,,</ownDataTypeParameters>
<autoIncrementCycle>false</autoIncrementCycle>
</Column>
<Column name="licence_level" id="702ED971-20F7-6850-BBE0-5A1591C9E433">
<createdBy>k3acp</createdBy>
<createdTime>2024-06-21 18:04:45 UTC</createdTime>
<generatorID>5EE8E642-C95D-2FFC-C647-292AD3F2B6B1</generatorID>
<ownerDesignName>aaaaaaaaaaa-baza</ownerDesignName>
<useDomainConstraints>false</useDomainConstraints>
<use>1</use>
<logicalDatatype>LOGDT037</logicalDatatype>
<dataTypeSize>255 BYTE</dataTypeSize>
<ownDataTypeParameters>255 BYTE,,</ownDataTypeParameters>
<autoIncrementCycle>false</autoIncrementCycle>
</Column>
</columns>
<indexes itemClass="oracle.dbtools.crest.model.design.relational.Index">
<ind_PK_UK id="0E04EFBF-9A5A-9905-7F79-20176686C13A" name="Licence_PK">
<createdBy>k3acp</createdBy>
<createdTime>2024-06-21 18:04:45 UTC</createdTime>
<generatorID>C653D348-0AB2-97DC-9D5B-8B1A90AE19D8</generatorID>
<ownerDesignName>aaaaaaaaaaa-baza</ownerDesignName>
<pk>true</pk>
<indexState>Primary Constraint</indexState>
<isSurrogateKey>false</isSurrogateKey>
<indexColumnUsage>
<colUsage columnID="B7FDAF33-2479-53F6-54C2-AEF9D75630B0"/>
</indexColumnUsage>
</ind_PK_UK>
</indexes>
</Table>