<?xml version = '1.0' encoding = 'UTF-8'?>
<Table class="oracle.dbtools.crest.model.design.relational.Table" directorySegmentName="seg_0" id="5074D37C-8BDE-5894-62E3-1E6E6F304876" name="Positions_History">
<createdBy>k3acp</createdBy>
<createdTime>2024-06-11 10:59:56 UTC</createdTime>
<generatorID>4DC34C2D-6AEF-99E4-6D3B-89A6060AF629</generatorID>
<ownerDesignName>aaaaaaaaaaa-baza</ownerDesignName>
<allowColumnReorder>false</allowColumnReorder>
<existDependencyGenerateInDDl>true</existDependencyGenerateInDDl>
<parsed>true</parsed>
<columns itemClass="oracle.dbtools.crest.model.design.relational.Column">
<Column name="id" id="44476C2B-055C-BB7A-ED78-44EFDA3CE4F6">
<createdBy>k3acp</createdBy>
<createdTime>2024-06-11 10:59:56 UTC</createdTime>
<generatorID>1BBFF218-41FA-8F47-EB7E-686F6479D5A5</generatorID>
<ownerDesignName>aaaaaaaaaaa-baza</ownerDesignName>
<useDomainConstraints>false</useDomainConstraints>
<use>1</use>
<logicalDatatype>LOGDT011</logicalDatatype>
<ownDataTypeParameters>,,</ownDataTypeParameters>
<autoIncrementCycle>false</autoIncrementCycle>
</Column>
<Column name="employee_id" id="FABBC598-3054-AE7B-B23F-717D0A40DB41">
<createdBy>k3acp</createdBy>
<createdTime>2024-06-11 10:59:56 UTC</createdTime>
<generatorID>AF53B066-F4FB-6578-0C27-1AA5375F0B3D</generatorID>
<ownerDesignName>aaaaaaaaaaa-baza</ownerDesignName>
<useDomainConstraints>false</useDomainConstraints>
<use>1</use>
<logicalDatatype>LOGDT011</logicalDatatype>
<ownDataTypeParameters>,,</ownDataTypeParameters>
<autoIncrementCycle>false</autoIncrementCycle>
</Column>
<Column name="position_id" id="B1A1D604-7B6A-BB89-583E-F094508D774D">
<createdBy>k3acp</createdBy>
<createdTime>2024-06-11 10:59:56 UTC</createdTime>
<generatorID>FBB34C16-0B57-D0CA-220C-E428BDE79EF7</generatorID>
<ownerDesignName>aaaaaaaaaaa-baza</ownerDesignName>
<useDomainConstraints>false</useDomainConstraints>
<use>1</use>
<logicalDatatype>LOGDT011</logicalDatatype>
<ownDataTypeParameters>,,</ownDataTypeParameters>
<autoIncrementCycle>false</autoIncrementCycle>
</Column>
<Column name="date_start" id="A054B958-59EF-D741-CB00-B9E7D4EEE7FD">
<createdBy>k3acp</createdBy>
<createdTime>2024-06-11 10:59:56 UTC</createdTime>
<generatorID>61137F3D-1396-457A-F94F-1E1A08FE18C1</generatorID>
<ownerDesignName>aaaaaaaaaaa-baza</ownerDesignName>
<useDomainConstraints>false</useDomainConstraints>
<use>1</use>
<logicalDatatype>LOGDT007</logicalDatatype>
<ownDataTypeParameters>,,</ownDataTypeParameters>
<autoIncrementCycle>false</autoIncrementCycle>
</Column>
<Column name="date_end" id="9BF8A21C-1FC9-F3E6-94FD-92882C805CA2">
<createdBy>k3acp</createdBy>
<createdTime>2024-06-11 10:59:56 UTC</createdTime>
<generatorID>062A7B70-8AB9-9A33-6507-F7E9DC2B9BAC</generatorID>
<ownerDesignName>aaaaaaaaaaa-baza</ownerDesignName>
<nullsAllowed>true</nullsAllowed>
<useDomainConstraints>false</useDomainConstraints>
<use>1</use>
<logicalDatatype>LOGDT007</logicalDatatype>
<ownDataTypeParameters>,,</ownDataTypeParameters>
<autoIncrementCycle>false</autoIncrementCycle>
</Column>
<Column name="Employees_Positions_id" id="8D2B6FE7-A4FB-C9B5-4CC5-E95700462A00">
<createdBy>k3acp</createdBy>
<createdTime>2024-06-11 10:59:56 UTC</createdTime>
<generatorID>0D4DC56C-1817-CE80-4AA6-0CEF7204A46D</generatorID>
<ownerDesignName>aaaaaaaaaaa-baza</ownerDesignName>
<useDomainConstraints>false</useDomainConstraints>
<use>1</use>
<logicalDatatype>LOGDT011</logicalDatatype>
<ownDataTypeParameters>,,</ownDataTypeParameters>
<previousColumn>false</previousColumn>
<autoIncrementCycle>false</autoIncrementCycle>
<associations>
<colAssociation fkAssociation="C56771F1-0575-D25B-9AA4-9A31AEDCA329" referredColumn="7D141836-2F5D-9FC5-C13E-24A5BFD90ED1"/>
</associations>
</Column>
<Column name="Positions_id" id="3ECDB595-F52D-BD2C-28B0-71E4C3BC961F">
<createdBy>k3acp</createdBy>
<createdTime>2024-06-24 09:18:23 UTC</createdTime>
<generatorID>2A6374E5-879E-9EF2-D881-ED7D3F5D6883</generatorID>
<ownerDesignName>aaaaaaaaaaa-baza</ownerDesignName>
<useDomainConstraints>false</useDomainConstraints>
<use>1</use>
<logicalDatatype>LOGDT011</logicalDatatype>
<ownDataTypeParameters>,,</ownDataTypeParameters>
<previousColumn>false</previousColumn>
<autoIncrementCycle>false</autoIncrementCycle>
<associations>
<colAssociation fkAssociation="1B195B18-D270-E1E2-C3C3-F730CFBF568D" referredColumn="01BB7FC9-A36D-9354-68BF-B6BA1B23347F"/>
</associations>
</Column>
</columns>
<indexes itemClass="oracle.dbtools.crest.model.design.relational.Index">
<ind_PK_UK id="7C94E7EF-C0C7-141E-E5D5-FECAD660BA51" name="Positions_History_PK">
<createdBy>k3acp</createdBy>
<createdTime>2024-06-11 10:59:56 UTC</createdTime>
<generatorID>91BAB01A-D6F8-CFA5-D2FB-D883724C3F44</generatorID>
<ownerDesignName>aaaaaaaaaaa-baza</ownerDesignName>
<pk>true</pk>
<indexState>Primary Constraint</indexState>
<isSurrogateKey>false</isSurrogateKey>
<indexColumnUsage>
<colUsage columnID="44476C2B-055C-BB7A-ED78-44EFDA3CE4F6"/>
</indexColumnUsage>
</ind_PK_UK>
<ind_PK_UK id="AB163F6F-2ADC-B4C8-5DE3-51180BFBCF15" name="Positions_History_Employees_FK">
<createdBy>k3acp</createdBy>
<createdTime>2024-06-11 10:59:56 UTC</createdTime>
<generatorID>899C2DAD-4685-4A6E-65F6-5E950078C53D</generatorID>
<ownerDesignName>aaaaaaaaaaa-baza</ownerDesignName>
<indexState>Foreign Key</indexState>
<isSurrogateKey>false</isSurrogateKey>
<indexColumnUsage>
<colUsage columnID="8D2B6FE7-A4FB-C9B5-4CC5-E95700462A00"/>
</indexColumnUsage>
</ind_PK_UK>
<ind_PK_UK id="E358DF58-58C9-CC45-1A5A-7AB340F84017" name="Positions_History_Positions_FK">
<createdBy>k3acp</createdBy>
<createdTime>2024-06-24 09:18:23 UTC</createdTime>
<generatorID>4F600C87-F7A3-B1B5-F133-0CF118A21B2F</generatorID>
<ownerDesignName>aaaaaaaaaaa-baza</ownerDesignName>
<indexState>Foreign Key</indexState>
<isSurrogateKey>false</isSurrogateKey>
<indexColumnUsage>
<colUsage columnID="3ECDB595-F52D-BD2C-28B0-71E4C3BC961F"/>
</indexColumnUsage>
</ind_PK_UK>
</indexes>
</Table>