<?xml version = '1.0' encoding = 'UTF-8'?>
<Table class="oracle.dbtools.crest.model.design.relational.Table" directorySegmentName="seg_0" id="703E379B-02B1-AE3B-CBE8-21E79B2BE154" name="Accessories">
<createdBy>k3acp</createdBy>
<createdTime>2024-06-11 10:59:56 UTC</createdTime>
<generatorID>B4C9D9EC-E174-183A-FE17-E15D255ED6FE</generatorID>
<ownerDesignName>aaaaaaaaaaa-baza</ownerDesignName>
<allowColumnReorder>false</allowColumnReorder>
<existDependencyGenerateInDDl>true</existDependencyGenerateInDDl>
<parsed>true</parsed>
<columns itemClass="oracle.dbtools.crest.model.design.relational.Column">
<Column name="id" id="DCE0C2F5-ADB2-CC32-E8AF-2E90A19913A7">
<createdBy>k3acp</createdBy>
<createdTime>2024-06-11 10:59:56 UTC</createdTime>
<generatorID>5FA3AAFB-5763-B94A-1C98-A725C20049C3</generatorID>
<ownerDesignName>aaaaaaaaaaa-baza</ownerDesignName>
<useDomainConstraints>false</useDomainConstraints>
<use>1</use>
<logicalDatatype>LOGDT011</logicalDatatype>
<ownDataTypeParameters>,,</ownDataTypeParameters>
<autoIncrementCycle>false</autoIncrementCycle>
</Column>
<Column name="name" id="4898C141-0195-A4DE-EDC7-EB0D783A89AC">
<createdBy>k3acp</createdBy>
<createdTime>2024-06-11 10:59:56 UTC</createdTime>
<generatorID>636738A0-4868-3C2C-CBEF-3363E93B7A04</generatorID>
<ownerDesignName>aaaaaaaaaaa-baza</ownerDesignName>
<useDomainConstraints>false</useDomainConstraints>
<use>1</use>
<logicalDatatype>LOGDT037</logicalDatatype>
<ownDataTypeParameters>,,</ownDataTypeParameters>
<autoIncrementCycle>false</autoIncrementCycle>
</Column>
<Column name="Horses_id" id="F0A2ADC7-FDF6-2FC5-E728-34CF88CDD27C">
<createdBy>k3acp</createdBy>
<createdTime>2024-06-11 10:59:56 UTC</createdTime>
<generatorID>D46E0328-8228-12CB-2D76-D63545C29D05</generatorID>
<ownerDesignName>aaaaaaaaaaa-baza</ownerDesignName>
<useDomainConstraints>false</useDomainConstraints>
<use>1</use>
<logicalDatatype>LOGDT011</logicalDatatype>
<ownDataTypeParameters>,,</ownDataTypeParameters>
<previousColumn>false</previousColumn>
<autoIncrementCycle>false</autoIncrementCycle>
<associations>
<colAssociation fkAssociation="55BA0338-0CFE-4ECE-EF72-6A48B955D3BE" referredColumn="C78FD719-924A-C29F-00A5-7FDA40CCC765"/>
</associations>
</Column>
<Column name="type_id" id="6031982A-7C5C-A141-F69C-9290199FA819">
<createdBy>k3acp</createdBy>
<createdTime>2024-06-24 08:44:29 UTC</createdTime>
<generatorID>6A67588F-47D9-6116-B3E2-C7F12C4E7A38</generatorID>
<ownerDesignName>aaaaaaaaaaa-baza</ownerDesignName>
<useDomainConstraints>false</useDomainConstraints>
<use>1</use>
<logicalDatatype>LOGDT011</logicalDatatype>
<ownDataTypeParameters>,,</ownDataTypeParameters>
<autoIncrementCycle>false</autoIncrementCycle>
</Column>
<Column name="Horses_Accessories_id" id="9D13BAD8-C017-E58A-A513-57ABD4596D94">
<createdBy>k3acp</createdBy>
<createdTime>2024-06-24 08:44:29 UTC</createdTime>
<generatorID>5E172A1E-8D4B-3B3F-8450-5A0AEBDB1B94</generatorID>
<ownerDesignName>aaaaaaaaaaa-baza</ownerDesignName>
<useDomainConstraints>false</useDomainConstraints>
<use>1</use>
<logicalDatatype>LOGDT011</logicalDatatype>
<ownDataTypeParameters>,,</ownDataTypeParameters>
<previousColumn>false</previousColumn>
<autoIncrementCycle>false</autoIncrementCycle>
<associations>
<colAssociation fkAssociation="1DFB0A9A-BAE8-CDAF-A503-B8DDB821E186" referredColumn="459C2895-8F55-6293-A273-EAF97F99BE32"/>
</associations>
</Column>
<Column name="Accessory_Type_id" id="AFAA2329-481F-0E68-0481-25B1ABAB6CCB">
<createdBy>k3acp</createdBy>
<createdTime>2024-06-24 08:44:29 UTC</createdTime>
<generatorID>77DD41B7-1401-B85D-E465-91F049A425F3</generatorID>
<ownerDesignName>aaaaaaaaaaa-baza</ownerDesignName>
<useDomainConstraints>false</useDomainConstraints>
<use>1</use>
<logicalDatatype>LOGDT011</logicalDatatype>
<ownDataTypeParameters>,,</ownDataTypeParameters>
<previousColumn>false</previousColumn>
<autoIncrementCycle>false</autoIncrementCycle>
<associations>
<colAssociation fkAssociation="B8CD2480-A52B-C01A-8B14-4A4ED9180107" referredColumn="E3CB499F-0D97-F080-BA78-897F3F402035"/>
</associations>
</Column>
</columns>
<indexes itemClass="oracle.dbtools.crest.model.design.relational.Index">
<ind_PK_UK id="C93A4E4A-3593-04EA-6131-EFD156F3DBC0" name="Accessories_PK">
<createdBy>k3acp</createdBy>
<createdTime>2024-06-11 10:59:56 UTC</createdTime>
<generatorID>637F25A9-2A42-2483-3189-5EF4A85A9A4B</generatorID>
<ownerDesignName>aaaaaaaaaaa-baza</ownerDesignName>
<pk>true</pk>
<indexState>Primary Constraint</indexState>
<isSurrogateKey>false</isSurrogateKey>
<indexColumnUsage>
<colUsage columnID="DCE0C2F5-ADB2-CC32-E8AF-2E90A19913A7"/>
</indexColumnUsage>
</ind_PK_UK>
<ind_PK_UK id="D4DACA0A-B5EE-7020-E8FE-702869D8B0B2" name="Accessories__IDX">
<createdBy>k3acp</createdBy>
<createdTime>2024-06-24 08:44:29 UTC</createdTime>
<ownerDesignName>aaaaaaaaaaa-baza</ownerDesignName>
<indexState>Unique Plain Index</indexState>
<isSurrogateKey>false</isSurrogateKey>
<relationGeneratorID>E970B119-5A89-90AE-EC2C-A5EA3921D11A</relationGeneratorID>
<indexColumnUsage>
<colUsage columnID="9D13BAD8-C017-E58A-A513-57ABD4596D94"/>
</indexColumnUsage>
</ind_PK_UK>
<ind_PK_UK id="D3311FE4-FB6C-B3C7-61E1-277E500F3B15" name="Accessories_Horses_FK">
<createdBy>k3acp</createdBy>
<createdTime>2024-06-11 10:59:56 UTC</createdTime>
<generatorID>4633DAB3-6D36-3CB2-665F-4BD17B916191</generatorID>
<ownerDesignName>aaaaaaaaaaa-baza</ownerDesignName>
<indexState>Foreign Key</indexState>
<isSurrogateKey>false</isSurrogateKey>
<indexColumnUsage>
<colUsage columnID="F0A2ADC7-FDF6-2FC5-E728-34CF88CDD27C"/>
</indexColumnUsage>
</ind_PK_UK>
<ind_PK_UK id="3BDA5C48-63C7-B612-AF5B-EC398DBF0B74" name="Accessories_Accessory_Type_FK">
<createdBy>k3acp</createdBy>
<createdTime>2024-06-24 08:44:29 UTC</createdTime>
<generatorID>DB5C1A01-077C-E7B4-50B6-A8AB3D8715F7</generatorID>
<ownerDesignName>aaaaaaaaaaa-baza</ownerDesignName>
<indexState>Foreign Key</indexState>
<isSurrogateKey>false</isSurrogateKey>
<indexColumnUsage>
<colUsage columnID="AFAA2329-481F-0E68-0481-25B1ABAB6CCB"/>
</indexColumnUsage>
</ind_PK_UK>
<ind_PK_UK id="BB1CEFFD-6383-23AB-9670-B5A889748EEF" name="Accessories_Horses_Accessories_FK">
<createdBy>k3acp</createdBy>
<createdTime>2024-06-24 09:30:13 UTC</createdTime>
<generatorID>E970B119-5A89-90AE-EC2C-A5EA3921D11A</generatorID>
<ownerDesignName>aaaaaaaaaaa-baza</ownerDesignName>
<indexState>Foreign Key</indexState>
<isSurrogateKey>false</isSurrogateKey>
<indexColumnUsage>
<colUsage columnID="9D13BAD8-C017-E58A-A513-57ABD4596D94"/>
</indexColumnUsage>
</ind_PK_UK>
</indexes>
</Table>