<?xml version = '1.0' encoding = 'UTF-8'?>
<Table class="oracle.dbtools.crest.model.design.relational.Table" directorySegmentName="seg_0" id="85AC8798-9BC1-72A4-8D59-33C4479CEE68" name="Classes">
<createdBy>k3acp</createdBy>
<createdTime>2024-06-11 10:59:56 UTC</createdTime>
<generatorID>8A4C86FC-4C91-8184-F1CA-472212696191</generatorID>
<ownerDesignName>aaaaaaaaaaa-baza</ownerDesignName>
<allowColumnReorder>false</allowColumnReorder>
<existDependencyGenerateInDDl>true</existDependencyGenerateInDDl>
<parsed>true</parsed>
<columns itemClass="oracle.dbtools.crest.model.design.relational.Column">
<Column name="id" id="15DAC88B-B9B3-970B-95FB-B143875DE740">
<createdBy>k3acp</createdBy>
<createdTime>2024-06-11 10:59:56 UTC</createdTime>
<generatorID>00BB8B13-75D0-E74D-6842-D1B7EA6755BB</generatorID>
<ownerDesignName>aaaaaaaaaaa-baza</ownerDesignName>
<useDomainConstraints>false</useDomainConstraints>
<use>1</use>
<logicalDatatype>LOGDT011</logicalDatatype>
<ownDataTypeParameters>,,</ownDataTypeParameters>
<autoIncrementCycle>false</autoIncrementCycle>
</Column>
<Column name="type" id="82DED00A-794B-28D9-5E2D-A8D284C045E2">
<createdBy>k3acp</createdBy>
<createdTime>2024-06-11 10:59:56 UTC</createdTime>
<generatorID>7B6A6567-F480-D1C4-38F8-0F7D9E4E9C33</generatorID>
<ownerDesignName>aaaaaaaaaaa-baza</ownerDesignName>
<useDomainConstraints>false</useDomainConstraints>
<use>1</use>
<logicalDatatype>LOGDT037</logicalDatatype>
<dataTypeSize>255 BYTE</dataTypeSize>
<ownDataTypeParameters>255 BYTE,,</ownDataTypeParameters>
<autoIncrementCycle>false</autoIncrementCycle>
</Column>
<Column name="date" id="2A8688B4-F379-A2B4-9B5C-BFAD61525413">
<createdBy>k3acp</createdBy>
<createdTime>2024-06-11 10:59:56 UTC</createdTime>
<generatorID>400FD241-0249-6E4E-FBBB-AF57A6E18DB8</generatorID>
<ownerDesignName>aaaaaaaaaaa-baza</ownerDesignName>
<useDomainConstraints>false</useDomainConstraints>
<use>1</use>
<logicalDatatype>LOGDT007</logicalDatatype>
<ownDataTypeParameters>,,</ownDataTypeParameters>
<autoIncrementCycle>false</autoIncrementCycle>
</Column>
<Column name="trainer_id" id="3A00BFD5-07E4-F33C-7767-964868FB9BF3">
<createdBy>k3acp</createdBy>
<createdTime>2024-06-11 10:59:56 UTC</createdTime>
<generatorID>78D5BACA-7869-7D1E-B0BB-DB1B59F95E1E</generatorID>
<ownerDesignName>aaaaaaaaaaa-baza</ownerDesignName>
<useDomainConstraints>false</useDomainConstraints>
<use>1</use>
<logicalDatatype>LOGDT011</logicalDatatype>
<ownDataTypeParameters>,,</ownDataTypeParameters>
<autoIncrementCycle>false</autoIncrementCycle>
</Column>
<Column name="group_id" id="7CC32F74-5B18-B2C7-4FB1-E8504B0A466A">
<createdBy>k3acp</createdBy>
<createdTime>2024-06-11 10:59:56 UTC</createdTime>
<generatorID>04D586F1-8CDE-CBF9-1AA0-332FC2A529F4</generatorID>
<ownerDesignName>aaaaaaaaaaa-baza</ownerDesignName>
<useDomainConstraints>false</useDomainConstraints>
<use>1</use>
<logicalDatatype>LOGDT011</logicalDatatype>
<ownDataTypeParameters>,,</ownDataTypeParameters>
<autoIncrementCycle>false</autoIncrementCycle>
</Column>
<Column name="stable_id" id="8961E586-533E-2B9E-5DEA-C16B9BC4AC65">
<createdBy>k3acp</createdBy>
<createdTime>2024-06-11 10:59:56 UTC</createdTime>
<generatorID>28E8F336-BBBF-A699-1738-A3D5BCAF55F2</generatorID>
<ownerDesignName>aaaaaaaaaaa-baza</ownerDesignName>
<useDomainConstraints>false</useDomainConstraints>
<use>1</use>
<logicalDatatype>LOGDT011</logicalDatatype>
<ownDataTypeParameters>,,</ownDataTypeParameters>
<autoIncrementCycle>false</autoIncrementCycle>
</Column>
<Column name="Groups_id" id="6619FCB4-EF51-18E9-6361-1FE095696B9A">
<createdBy>k3acp</createdBy>
<createdTime>2024-06-11 10:59:56 UTC</createdTime>
<generatorID>001AA55F-3BEC-72BF-13A9-DF5CF48FB91A</generatorID>
<ownerDesignName>aaaaaaaaaaa-baza</ownerDesignName>
<useDomainConstraints>false</useDomainConstraints>
<use>1</use>
<logicalDatatype>LOGDT011</logicalDatatype>
<ownDataTypeParameters>,,</ownDataTypeParameters>
<previousColumn>false</previousColumn>
<autoIncrementCycle>false</autoIncrementCycle>
<associations>
<colAssociation fkAssociation="16216649-732E-8C8A-B89D-DE3C94035FB0" referredColumn="D4720252-BDE3-03C0-5143-D6512E726596"/>
</associations>
</Column>
<Column name="Employees_Positions_id" id="B6E70508-C09D-6774-727A-640FADE8CAE3">
<createdBy>k3acp</createdBy>
<createdTime>2024-06-11 10:59:56 UTC</createdTime>
<generatorID>EBEE89F3-3B0F-271B-1AA2-1A78FDB10227</generatorID>
<ownerDesignName>aaaaaaaaaaa-baza</ownerDesignName>
<nullsAllowed>true</nullsAllowed>
<useDomainConstraints>false</useDomainConstraints>
<use>1</use>
<logicalDatatype>LOGDT011</logicalDatatype>
<ownDataTypeParameters>,,</ownDataTypeParameters>
<previousColumn>false</previousColumn>
<autoIncrementCycle>false</autoIncrementCycle>
<associations>
<colAssociation fkAssociation="CE96D67C-4089-7E3D-FFF8-A7DE0F705B28" referredColumn="7D141836-2F5D-9FC5-C13E-24A5BFD90ED1"/>
</associations>
</Column>
<Column name="Stables_id" id="C9559B68-F74D-8439-DD23-08B636A242A7">
<createdBy>k3acp</createdBy>
<createdTime>2024-06-11 10:59:56 UTC</createdTime>
<generatorID>CBCD9B55-38D4-2838-98DF-49302E06E682</generatorID>
<ownerDesignName>aaaaaaaaaaa-baza</ownerDesignName>
<useDomainConstraints>false</useDomainConstraints>
<use>1</use>
<logicalDatatype>LOGDT011</logicalDatatype>
<ownDataTypeParameters>,,</ownDataTypeParameters>
<previousColumn>false</previousColumn>
<autoIncrementCycle>false</autoIncrementCycle>
<associations>
<colAssociation fkAssociation="F2E68621-850C-DA10-E75C-2CCF98318F88" referredColumn="81BA9534-AF05-77A7-28B4-BCE6ED0BCF17"/>
</associations>
</Column>
</columns>
<indexes itemClass="oracle.dbtools.crest.model.design.relational.Index">
<ind_PK_UK id="E7BE9743-C111-993B-D277-9BE5ABD58EA4" name="Classes_PK">
<createdBy>k3acp</createdBy>
<createdTime>2024-06-11 10:59:56 UTC</createdTime>
<generatorID>65C7E92A-229B-A978-2719-5158B425473E</generatorID>
<ownerDesignName>aaaaaaaaaaa-baza</ownerDesignName>
<pk>true</pk>
<indexState>Primary Constraint</indexState>
<isSurrogateKey>false</isSurrogateKey>
<indexColumnUsage>
<colUsage columnID="15DAC88B-B9B3-970B-95FB-B143875DE740"/>
</indexColumnUsage>
</ind_PK_UK>
<ind_PK_UK id="018FEFE6-7025-5668-0939-6552A3F1A1FD" name="Classes_Groups_FK">
<createdBy>k3acp</createdBy>
<createdTime>2024-06-11 10:59:56 UTC</createdTime>
<generatorID>5447775F-4D15-621E-FF0E-2B280FEFF8DB</generatorID>
<ownerDesignName>aaaaaaaaaaa-baza</ownerDesignName>
<indexState>Foreign Key</indexState>
<isSurrogateKey>false</isSurrogateKey>
<indexColumnUsage>
<colUsage columnID="6619FCB4-EF51-18E9-6361-1FE095696B9A"/>
</indexColumnUsage>
</ind_PK_UK>
<ind_PK_UK id="CFE99CFF-72CD-A958-ABAE-74FAC6157BB3" name="Classes_Stables_FK">
<createdBy>k3acp</createdBy>
<createdTime>2024-06-11 10:59:56 UTC</createdTime>
<generatorID>149E04E4-980E-7362-A9E6-5AEBD94CDCD0</generatorID>
<ownerDesignName>aaaaaaaaaaa-baza</ownerDesignName>
<indexState>Foreign Key</indexState>
<isSurrogateKey>false</isSurrogateKey>
<indexColumnUsage>
<colUsage columnID="C9559B68-F74D-8439-DD23-08B636A242A7"/>
</indexColumnUsage>
</ind_PK_UK>
<ind_PK_UK id="708D94F6-FF42-242F-0973-C43CA8C7BAD6" name="Classes_Employees_FK">
<createdBy>k3acp</createdBy>
<createdTime>2024-06-24 09:30:13 UTC</createdTime>
<generatorID>27C162A9-92DA-9405-32ED-806F3D7A52D0</generatorID>
<ownerDesignName>aaaaaaaaaaa-baza</ownerDesignName>
<indexState>Foreign Key</indexState>
<isSurrogateKey>false</isSurrogateKey>
<indexColumnUsage>
<colUsage columnID="B6E70508-C09D-6774-727A-640FADE8CAE3"/>
</indexColumnUsage>
</ind_PK_UK>
</indexes>
</Table>