<?xml version = '1.0' encoding = 'UTF-8'?>
<Table class="oracle.dbtools.crest.model.design.relational.Table" directorySegmentName="seg_0" id="AFD44E57-8C60-1486-7671-DE2FD5545AB4" name="Accessory_Type">
<createdBy>k3acp</createdBy>
<createdTime>2024-06-24 08:44:29 UTC</createdTime>
<generatorID>AE4F12E3-8284-7C18-50C1-FC24DF540976</generatorID>
<ownerDesignName>aaaaaaaaaaa-baza</ownerDesignName>
<allowColumnReorder>false</allowColumnReorder>
<existDependencyGenerateInDDl>true</existDependencyGenerateInDDl>
<parsed>true</parsed>
<columns itemClass="oracle.dbtools.crest.model.design.relational.Column">
<Column name="id" id="E3CB499F-0D97-F080-BA78-897F3F402035">
<createdBy>k3acp</createdBy>
<createdTime>2024-06-24 08:44:29 UTC</createdTime>
<generatorID>396A8D54-83F4-D820-A1B5-B0A70E9FA424</generatorID>
<ownerDesignName>aaaaaaaaaaa-baza</ownerDesignName>
<useDomainConstraints>false</useDomainConstraints>
<use>1</use>
<logicalDatatype>LOGDT011</logicalDatatype>
<ownDataTypeParameters>,,</ownDataTypeParameters>
<autoIncrementCycle>false</autoIncrementCycle>
</Column>
<Column name="type_name" id="A1D48BEB-074E-E7D5-4B9D-D767EE09934D">
<createdBy>k3acp</createdBy>
<createdTime>2024-06-24 08:44:29 UTC</createdTime>
<generatorID>99E8487D-664E-866E-F3BB-511DB731C2C9</generatorID>
<ownerDesignName>aaaaaaaaaaa-baza</ownerDesignName>
<useDomainConstraints>false</useDomainConstraints>
<use>1</use>
<logicalDatatype>LOGDT037</logicalDatatype>
<dataTypeSize>255 BYTE</dataTypeSize>
<ownDataTypeParameters>255 BYTE,,</ownDataTypeParameters>
<autoIncrementCycle>false</autoIncrementCycle>
</Column>
</columns>
<indexes itemClass="oracle.dbtools.crest.model.design.relational.Index">
<ind_PK_UK id="E4A0F5BF-E9D7-061D-F836-FD5EBDCC6E4F" name="Accessory_Type_PK">
<createdBy>k3acp</createdBy>
<createdTime>2024-06-24 08:44:29 UTC</createdTime>
<generatorID>30E031CC-3F36-6E49-C040-110343FEC1B1</generatorID>
<ownerDesignName>aaaaaaaaaaa-baza</ownerDesignName>
<pk>true</pk>
<indexState>Primary Constraint</indexState>
<isSurrogateKey>false</isSurrogateKey>
<indexColumnUsage>
<colUsage columnID="E3CB499F-0D97-F080-BA78-897F3F402035"/>
</indexColumnUsage>
</ind_PK_UK>
</indexes>
</Table>