<?xml version = '1.0' encoding = 'UTF-8'?>
<Table class="oracle.dbtools.crest.model.design.relational.Table" directorySegmentName="seg_0" id="B19CF56D-F530-EB21-9CF5-CBD76F3C9A93" name="Address">
<createdBy>k3acp</createdBy>
<createdTime>2024-06-11 10:59:56 UTC</createdTime>
<generatorID>B8A70266-2312-FD2D-0FBC-1EF0BC6BEE91</generatorID>
<ownerDesignName>aaaaaaaaaaa-baza</ownerDesignName>
<allowColumnReorder>false</allowColumnReorder>
<existDependencyGenerateInDDl>true</existDependencyGenerateInDDl>
<parsed>true</parsed>
<columns itemClass="oracle.dbtools.crest.model.design.relational.Column">
<Column name="id" id="FFF36908-5A23-D450-600D-0C15B6228542">
<createdBy>k3acp</createdBy>
<createdTime>2024-06-11 10:59:56 UTC</createdTime>
<generatorID>9F01995D-5326-5852-C061-07EA5C146F3F</generatorID>
<ownerDesignName>aaaaaaaaaaa-baza</ownerDesignName>
<useDomainConstraints>false</useDomainConstraints>
<use>1</use>
<logicalDatatype>LOGDT011</logicalDatatype>
<ownDataTypeParameters>,,</ownDataTypeParameters>
<autoIncrementCycle>false</autoIncrementCycle>
</Column>
<Column name="country" id="10D75DC1-41B1-6284-3E71-76EA74E59AA4">
<createdBy>k3acp</createdBy>
<createdTime>2024-06-11 10:59:56 UTC</createdTime>
<generatorID>A1DD1571-5D81-CB41-078A-67A03852DA9F</generatorID>
<ownerDesignName>aaaaaaaaaaa-baza</ownerDesignName>
<useDomainConstraints>false</useDomainConstraints>
<use>1</use>
<logicalDatatype>LOGDT037</logicalDatatype>
<dataTypeSize>255 BYTE</dataTypeSize>
<ownDataTypeParameters>255 BYTE,,</ownDataTypeParameters>
<autoIncrementCycle>false</autoIncrementCycle>
</Column>
<Column name="city" id="8ACB51E3-FF7B-731B-BA7C-22193ABEF9DE">
<createdBy>k3acp</createdBy>
<createdTime>2024-06-11 10:59:56 UTC</createdTime>
<generatorID>EFB889D0-28EF-FB5C-52B0-16B22347FB92</generatorID>
<ownerDesignName>aaaaaaaaaaa-baza</ownerDesignName>
<useDomainConstraints>false</useDomainConstraints>
<use>1</use>
<logicalDatatype>LOGDT037</logicalDatatype>
<dataTypeSize>255 BYTE</dataTypeSize>
<ownDataTypeParameters>255 BYTE,,</ownDataTypeParameters>
<autoIncrementCycle>false</autoIncrementCycle>
</Column>
<Column name="street" id="34514402-9EDD-812E-2EDF-934A46973F94">
<createdBy>k3acp</createdBy>
<createdTime>2024-06-11 10:59:56 UTC</createdTime>
<generatorID>849A174C-0E84-5A73-6FEB-2409AF835C04</generatorID>
<ownerDesignName>aaaaaaaaaaa-baza</ownerDesignName>
<useDomainConstraints>false</useDomainConstraints>
<use>1</use>
<logicalDatatype>LOGDT037</logicalDatatype>
<dataTypeSize>255 BYTE</dataTypeSize>
<ownDataTypeParameters>255 BYTE,,</ownDataTypeParameters>
<autoIncrementCycle>false</autoIncrementCycle>
</Column>
<Column name="street_no" id="886B3621-706D-C3FA-DB05-F9AEA171DDAF">
<createdBy>k3acp</createdBy>
<createdTime>2024-06-11 10:59:56 UTC</createdTime>
<generatorID>5A6DAC04-310B-5864-C420-D0F9A00139FA</generatorID>
<ownerDesignName>aaaaaaaaaaa-baza</ownerDesignName>
<useDomainConstraints>false</useDomainConstraints>
<use>1</use>
<logicalDatatype>LOGDT037</logicalDatatype>
<dataTypeSize>255 BYTE</dataTypeSize>
<ownDataTypeParameters>255 BYTE,,</ownDataTypeParameters>
<autoIncrementCycle>false</autoIncrementCycle>
</Column>
<Column name="postal_code" id="35EAC9FC-02C8-840B-E546-2E391F948D8C">
<createdBy>k3acp</createdBy>
<createdTime>2024-06-11 10:59:56 UTC</createdTime>
<generatorID>91FD2B2A-5A39-8BBA-1985-CE0E9DFBE2BF</generatorID>
<ownerDesignName>aaaaaaaaaaa-baza</ownerDesignName>
<useDomainConstraints>false</useDomainConstraints>
<use>1</use>
<logicalDatatype>LOGDT037</logicalDatatype>
<dataTypeSize>255 BYTE</dataTypeSize>
<ownDataTypeParameters>255 BYTE,,</ownDataTypeParameters>
<autoIncrementCycle>false</autoIncrementCycle>
</Column>
<Column name="Stables_id" id="3F98E9F3-86FE-5E53-73D7-F8C010C24245">
<createdBy>k3acp</createdBy>
<createdTime>2024-06-11 10:59:56 UTC</createdTime>
<generatorID>A2ACACCD-D717-381B-BC86-49252BE4CBF7</generatorID>
<ownerDesignName>aaaaaaaaaaa-baza</ownerDesignName>
<useDomainConstraints>false</useDomainConstraints>
<use>1</use>
<logicalDatatype>LOGDT011</logicalDatatype>
<ownDataTypeParameters>,,</ownDataTypeParameters>
<previousColumn>false</previousColumn>
<autoIncrementCycle>false</autoIncrementCycle>
<associations>
<colAssociation fkAssociation="D6C9D348-4B9C-7863-5FC0-2CC20C2980EE" referredColumn="81BA9534-AF05-77A7-28B4-BCE6ED0BCF17"/>
</associations>
</Column>
<Column name="Tournaments_id" id="2F2A159B-D570-3787-1D62-44B19B235093">
<createdBy>k3acp</createdBy>
<createdTime>2024-06-11 10:59:56 UTC</createdTime>
<generatorID>9E0D63ED-8F86-415B-2D90-362D41A6D2CF</generatorID>
<ownerDesignName>aaaaaaaaaaa-baza</ownerDesignName>
<useDomainConstraints>false</useDomainConstraints>
<use>1</use>
<logicalDatatype>LOGDT011</logicalDatatype>
<ownDataTypeParameters>,,</ownDataTypeParameters>
<previousColumn>false</previousColumn>
<autoIncrementCycle>false</autoIncrementCycle>
</Column>
</columns>
<indexes itemClass="oracle.dbtools.crest.model.design.relational.Index">
<ind_PK_UK id="91FF7003-4C45-A0D8-A2DD-FBF5D5175E5A" name="Address_PK">
<createdBy>k3acp</createdBy>
<createdTime>2024-06-11 10:59:56 UTC</createdTime>
<generatorID>8F7430B9-06F7-02DD-603C-3D95E2CB8C35</generatorID>
<ownerDesignName>aaaaaaaaaaa-baza</ownerDesignName>
<pk>true</pk>
<indexState>Primary Constraint</indexState>
<isSurrogateKey>false</isSurrogateKey>
<indexColumnUsage>
<colUsage columnID="FFF36908-5A23-D450-600D-0C15B6228542"/>
</indexColumnUsage>
</ind_PK_UK>
<ind_PK_UK id="985B847E-1A6F-908B-FEA6-123C034CC6DD" name="Address__IDX">
<createdBy>k3acp</createdBy>
<createdTime>2024-06-11 10:59:56 UTC</createdTime>
<ownerDesignName>aaaaaaaaaaa-baza</ownerDesignName>
<indexState>Unique Plain Index</indexState>
<isSurrogateKey>false</isSurrogateKey>
<relationGeneratorID>70501D60-9F33-1864-90A9-157016370457</relationGeneratorID>
<indexColumnUsage>
<colUsage columnID="3F98E9F3-86FE-5E53-73D7-F8C010C24245"/>
</indexColumnUsage>
</ind_PK_UK>
<ind_PK_UK id="5DB9A2BA-F872-DE24-DE05-78EDEC864D0F" name="Address__IDXv1">
<createdBy>k3acp</createdBy>
<createdTime>2024-06-11 10:59:56 UTC</createdTime>
<ownerDesignName>aaaaaaaaaaa-baza</ownerDesignName>
<indexState>Unique Plain Index</indexState>
<isSurrogateKey>false</isSurrogateKey>
<relationGeneratorID>D272EA72-B943-2C4A-26B5-52B39F330BD4</relationGeneratorID>
<indexColumnUsage>
<colUsage columnID="2F2A159B-D570-3787-1D62-44B19B235093"/>
</indexColumnUsage>
</ind_PK_UK>
<ind_PK_UK id="1662E7EE-3684-58CF-96E8-746DC0572612" name="Address_Stables_FK">
<createdBy>k3acp</createdBy>
<createdTime>2024-06-11 10:59:56 UTC</createdTime>
<generatorID>70501D60-9F33-1864-90A9-157016370457</generatorID>
<ownerDesignName>aaaaaaaaaaa-baza</ownerDesignName>
<indexState>Foreign Key</indexState>
<isSurrogateKey>false</isSurrogateKey>
<indexColumnUsage>
<colUsage columnID="3F98E9F3-86FE-5E53-73D7-F8C010C24245"/>
</indexColumnUsage>
</ind_PK_UK>
</indexes>
</Table>