<?xml version = '1.0' encoding = 'UTF-8'?>
<Table class="oracle.dbtools.crest.model.design.relational.Table" directorySegmentName="seg_0" id="BB38210C-E58A-1373-CB45-AAD3D266AD3F" name="Horses_Accessories">
<createdBy>k3acp</createdBy>
<createdTime>2024-06-24 08:44:29 UTC</createdTime>
<generatorID>1F94AE3A-7AB9-3599-A204-23CC770AF48E</generatorID>
<ownerDesignName>aaaaaaaaaaa-baza</ownerDesignName>
<allowColumnReorder>false</allowColumnReorder>
<existDependencyGenerateInDDl>true</existDependencyGenerateInDDl>
<parsed>true</parsed>
<columns itemClass="oracle.dbtools.crest.model.design.relational.Column">
<Column name="id" id="459C2895-8F55-6293-A273-EAF97F99BE32">
<createdBy>k3acp</createdBy>
<createdTime>2024-06-24 08:44:29 UTC</createdTime>
<generatorID>F8C03728-6D4E-6FA1-2697-7C418B52EF6B</generatorID>
<ownerDesignName>aaaaaaaaaaa-baza</ownerDesignName>
<useDomainConstraints>false</useDomainConstraints>
<use>1</use>
<logicalDatatype>LOGDT011</logicalDatatype>
<ownDataTypeParameters>,,</ownDataTypeParameters>
<autoIncrementCycle>false</autoIncrementCycle>
</Column>
<Column name="horse_id" id="F4B1DEDD-9BE6-0073-EEFA-051C8FC6363C">
<createdBy>k3acp</createdBy>
<createdTime>2024-06-24 08:44:29 UTC</createdTime>
<generatorID>04D83789-EB00-500D-5498-6192A221ED55</generatorID>
<ownerDesignName>aaaaaaaaaaa-baza</ownerDesignName>
<useDomainConstraints>false</useDomainConstraints>
<use>1</use>
<logicalDatatype>LOGDT011</logicalDatatype>
<ownDataTypeParameters>,,</ownDataTypeParameters>
<autoIncrementCycle>false</autoIncrementCycle>
</Column>
<Column name="accessory_id" id="817A0208-D4B6-41B5-4CB1-1418CEF928A4">
<createdBy>k3acp</createdBy>
<createdTime>2024-06-24 08:44:29 UTC</createdTime>
<generatorID>4B7262FD-C161-916C-D96D-7EA99BFA72C8</generatorID>
<ownerDesignName>aaaaaaaaaaa-baza</ownerDesignName>
<useDomainConstraints>false</useDomainConstraints>
<use>1</use>
<logicalDatatype>LOGDT011</logicalDatatype>
<ownDataTypeParameters>,,</ownDataTypeParameters>
<autoIncrementCycle>false</autoIncrementCycle>
</Column>
<Column name="Horses_id" id="A1562214-AFFC-8FDA-6D82-DC999E1BE6BA">
<createdBy>k3acp</createdBy>
<createdTime>2024-06-24 08:44:29 UTC</createdTime>
<generatorID>F0878F74-FFA0-4FE6-A39B-07C0F2CAEF4A</generatorID>
<ownerDesignName>aaaaaaaaaaa-baza</ownerDesignName>
<useDomainConstraints>false</useDomainConstraints>
<use>1</use>
<logicalDatatype>LOGDT011</logicalDatatype>
<ownDataTypeParameters>,,</ownDataTypeParameters>
<previousColumn>false</previousColumn>
<autoIncrementCycle>false</autoIncrementCycle>
<associations>
<colAssociation fkAssociation="1EC946A6-19D5-635E-1D55-91933DCE1E7D" referredColumn="C78FD719-924A-C29F-00A5-7FDA40CCC765"/>
</associations>
</Column>
<Column name="Accessories_id" id="E61D88C1-B621-C60D-D1F4-D4128230AF86">
<createdBy>k3acp</createdBy>
<createdTime>2024-06-24 08:44:29 UTC</createdTime>
<generatorID>13B6A96C-5F81-3B28-1101-7B828BCDBE2C</generatorID>
<ownerDesignName>aaaaaaaaaaa-baza</ownerDesignName>
<useDomainConstraints>false</useDomainConstraints>
<use>1</use>
<logicalDatatype>LOGDT011</logicalDatatype>
<ownDataTypeParameters>,,</ownDataTypeParameters>
<previousColumn>false</previousColumn>
<autoIncrementCycle>false</autoIncrementCycle>
<associations>
<colAssociation fkAssociation="DF2B662E-C568-EBFF-F24C-265560B997E8" referredColumn="DCE0C2F5-ADB2-CC32-E8AF-2E90A19913A7"/>
</associations>
</Column>
</columns>
<indexes itemClass="oracle.dbtools.crest.model.design.relational.Index">
<ind_PK_UK id="4CAEDBD0-F1D9-26B2-4E03-C890F46287A7" name="Horses_Accessories_PK">
<createdBy>k3acp</createdBy>
<createdTime>2024-06-24 08:44:29 UTC</createdTime>
<generatorID>42768CEE-EEDA-ADE0-EC85-429A0575E84C</generatorID>
<ownerDesignName>aaaaaaaaaaa-baza</ownerDesignName>
<pk>true</pk>
<indexState>Primary Constraint</indexState>
<isSurrogateKey>false</isSurrogateKey>
<indexColumnUsage>
<colUsage columnID="459C2895-8F55-6293-A273-EAF97F99BE32"/>
</indexColumnUsage>
</ind_PK_UK>
<ind_PK_UK id="75D1BC31-7DCE-2CE3-8275-DE9F44DE22B7" name="Horses_Accessories__IDX">
<createdBy>k3acp</createdBy>
<createdTime>2024-06-24 08:44:29 UTC</createdTime>
<ownerDesignName>aaaaaaaaaaa-baza</ownerDesignName>
<indexState>Unique Plain Index</indexState>
<isSurrogateKey>false</isSurrogateKey>
<relationGeneratorID>E970B119-5A89-90AE-EC2C-A5EA3921D11A</relationGeneratorID>
<indexColumnUsage>
<colUsage columnID="E61D88C1-B621-C60D-D1F4-D4128230AF86"/>
</indexColumnUsage>
</ind_PK_UK>
<ind_PK_UK id="B8607F2C-D992-BC2A-1598-15945B1EBD53" name="Horses_Accessories_Horses_FK">
<createdBy>k3acp</createdBy>
<createdTime>2024-06-24 08:44:29 UTC</createdTime>
<generatorID>FC2FE35C-4E5A-BE96-46CC-D633F08B3FE2</generatorID>
<ownerDesignName>aaaaaaaaaaa-baza</ownerDesignName>
<indexState>Foreign Key</indexState>
<isSurrogateKey>false</isSurrogateKey>
<indexColumnUsage>
<colUsage columnID="A1562214-AFFC-8FDA-6D82-DC999E1BE6BA"/>
</indexColumnUsage>
</ind_PK_UK>
<ind_PK_UK id="F8239310-81B1-88FF-6A81-13BF6942C0B2" name="Horses_Accessories_Accessories_FK">
<createdBy>k3acp</createdBy>
<createdTime>2024-06-24 09:30:13 UTC</createdTime>
<generatorID>E970B119-5A89-90AE-EC2C-A5EA3921D11A</generatorID>
<ownerDesignName>aaaaaaaaaaa-baza</ownerDesignName>
<indexState>Foreign Key</indexState>
<isSurrogateKey>false</isSurrogateKey>
<indexColumnUsage>
<colUsage columnID="E61D88C1-B621-C60D-D1F4-D4128230AF86"/>
</indexColumnUsage>
</ind_PK_UK>
</indexes>
</Table>