<?xml version = '1.0' encoding = 'UTF-8'?>
<Table class="oracle.dbtools.crest.model.design.relational.Table" directorySegmentName="seg_0" id="BD819225-5B63-20F8-4308-F61EAC3FC177" name="Stables">
<createdBy>k3acp</createdBy>
<createdTime>2024-06-11 10:59:56 UTC</createdTime>
<generatorID>E26F1D48-4827-9661-AEDC-483104116045</generatorID>
<ownerDesignName>aaaaaaaaaaa-baza</ownerDesignName>
<allowColumnReorder>false</allowColumnReorder>
<existDependencyGenerateInDDl>true</existDependencyGenerateInDDl>
<parsed>true</parsed>
<columns itemClass="oracle.dbtools.crest.model.design.relational.Column">
<Column name="id" id="81BA9534-AF05-77A7-28B4-BCE6ED0BCF17">
<createdBy>k3acp</createdBy>
<createdTime>2024-06-11 10:59:56 UTC</createdTime>
<generatorID>DDC9CB04-38D4-8510-1F15-ACE558D0C9FA</generatorID>
<ownerDesignName>aaaaaaaaaaa-baza</ownerDesignName>
<useDomainConstraints>false</useDomainConstraints>
<use>1</use>
<logicalDatatype>LOGDT011</logicalDatatype>
<ownDataTypeParameters>,,</ownDataTypeParameters>
<autoIncrementCycle>false</autoIncrementCycle>
</Column>
<Column name="name" id="EBDF529E-C24C-DB8A-4A4C-93D781EBE0B0">
<createdBy>k3acp</createdBy>
<createdTime>2024-06-11 10:59:56 UTC</createdTime>
<generatorID>2DC63775-A07D-A870-0F19-2A201EAB6C66</generatorID>
<ownerDesignName>aaaaaaaaaaa-baza</ownerDesignName>
<useDomainConstraints>false</useDomainConstraints>
<use>1</use>
<logicalDatatype>LOGDT037</logicalDatatype>
<dataTypeSize>255 BYTE</dataTypeSize>
<ownDataTypeParameters>255 BYTE,,</ownDataTypeParameters>
<autoIncrementCycle>false</autoIncrementCycle>
</Column>
<Column name="address_id" id="A8F89D57-CAFD-E1B4-92A7-9C7748BD08F3">
<createdBy>k3acp</createdBy>
<createdTime>2024-06-11 10:59:56 UTC</createdTime>
<generatorID>BA58B60E-1C1A-790A-9C28-4071741537BC</generatorID>
<ownerDesignName>aaaaaaaaaaa-baza</ownerDesignName>
<useDomainConstraints>false</useDomainConstraints>
<use>1</use>
<logicalDatatype>LOGDT011</logicalDatatype>
<ownDataTypeParameters>,,</ownDataTypeParameters>
<autoIncrementCycle>false</autoIncrementCycle>
</Column>
</columns>
<indexes itemClass="oracle.dbtools.crest.model.design.relational.Index">
<ind_PK_UK id="F6240914-9C0E-42EB-9F81-390480EAF1B6" name="Stables_PK">
<createdBy>k3acp</createdBy>
<createdTime>2024-06-11 10:59:56 UTC</createdTime>
<generatorID>0568BA25-C283-86BA-F4CB-704320C2AB17</generatorID>
<ownerDesignName>aaaaaaaaaaa-baza</ownerDesignName>
<pk>true</pk>
<indexState>Primary Constraint</indexState>
<isSurrogateKey>false</isSurrogateKey>
<indexColumnUsage>
<colUsage columnID="81BA9534-AF05-77A7-28B4-BCE6ED0BCF17"/>
</indexColumnUsage>
</ind_PK_UK>
</indexes>
</Table>