<?xml version = '1.0' encoding = 'UTF-8'?>
<Table class="oracle.dbtools.crest.model.design.relational.Table" directorySegmentName="seg_0" id="C52F52F0-2C62-BE96-A38B-7C6E66BCCF29" name="Tournament_Participants">
<createdBy>k3acp</createdBy>
<createdTime>2024-06-11 10:59:56 UTC</createdTime>
<generatorID>B5209B8A-00E5-090C-B16E-CD56631EC8F3</generatorID>
<ownerDesignName>aaaaaaaaaaa-baza</ownerDesignName>
<allowColumnReorder>false</allowColumnReorder>
<existDependencyGenerateInDDl>true</existDependencyGenerateInDDl>
<parsed>true</parsed>
<columns itemClass="oracle.dbtools.crest.model.design.relational.Column">
<Column name="id" id="BA244697-8E7B-D53E-15D6-43CFEC444567">
<createdBy>k3acp</createdBy>
<createdTime>2024-06-11 10:59:56 UTC</createdTime>
<generatorID>E12BC489-19FE-FB18-2D40-1369619C99C6</generatorID>
<ownerDesignName>aaaaaaaaaaa-baza</ownerDesignName>
<useDomainConstraints>false</useDomainConstraints>
<use>1</use>
<logicalDatatype>LOGDT011</logicalDatatype>
<ownDataTypeParameters>,,</ownDataTypeParameters>
<autoIncrementCycle>false</autoIncrementCycle>
</Column>
<Column name="tournament_id" id="3198DC21-1AF2-6025-BD42-C098331DA1E8">
<createdBy>k3acp</createdBy>
<createdTime>2024-06-11 10:59:56 UTC</createdTime>
<generatorID>19327261-E832-6F14-03F6-D2DB30AF6EE2</generatorID>
<ownerDesignName>aaaaaaaaaaa-baza</ownerDesignName>
<useDomainConstraints>false</useDomainConstraints>
<use>1</use>
<logicalDatatype>LOGDT011</logicalDatatype>
<ownDataTypeParameters>,,</ownDataTypeParameters>
<autoIncrementCycle>false</autoIncrementCycle>
</Column>
<Column name="contestant_id" id="EA068B00-5BC1-2F9C-9351-B18C2A45BCF7">
<createdBy>k3acp</createdBy>
<createdTime>2024-06-11 10:59:56 UTC</createdTime>
<generatorID>15E317A7-B55B-C1C5-7471-DE1C6BF7DA16</generatorID>
<ownerDesignName>aaaaaaaaaaa-baza</ownerDesignName>
<useDomainConstraints>false</useDomainConstraints>
<use>1</use>
<logicalDatatype>LOGDT011</logicalDatatype>
<ownDataTypeParameters>,,</ownDataTypeParameters>
<autoIncrementCycle>false</autoIncrementCycle>
</Column>
<Column name="contestant_place" id="363374B9-5CBF-D0BC-027B-C1CE5CCB1007">
<createdBy>k3acp</createdBy>
<createdTime>2024-06-11 10:59:56 UTC</createdTime>
<generatorID>E594ABDC-8BB9-F8F2-6D8B-F80634BBE8CB</generatorID>
<ownerDesignName>aaaaaaaaaaa-baza</ownerDesignName>
<nullsAllowed>true</nullsAllowed>
<useDomainConstraints>false</useDomainConstraints>
<use>1</use>
<logicalDatatype>LOGDT037</logicalDatatype>
<dataTypeSize>255 BYTE</dataTypeSize>
<ownDataTypeParameters>255 BYTE,,</ownDataTypeParameters>
<autoIncrementCycle>false</autoIncrementCycle>
</Column>
<Column name="Tournaments_id" id="3A0998CB-C4B7-52A0-BF28-75A380E6264A">
<createdBy>k3acp</createdBy>
<createdTime>2024-06-24 09:18:23 UTC</createdTime>
<generatorID>031EA49C-F630-420A-A8CA-0DCA008A3147</generatorID>
<ownerDesignName>aaaaaaaaaaa-baza</ownerDesignName>
<useDomainConstraints>false</useDomainConstraints>
<use>1</use>
<logicalDatatype>LOGDT011</logicalDatatype>
<ownDataTypeParameters>,,</ownDataTypeParameters>
<previousColumn>false</previousColumn>
<autoIncrementCycle>false</autoIncrementCycle>
<associations>
<colAssociation fkAssociation="AED6A46A-90EC-0D4C-6129-F60AED41AD89" referredColumn="B9556ED7-5753-9DBA-CB0D-8FF52B3B2677"/>
</associations>
</Column>
<Column name="Riders_Groups_id" id="FDB96D76-9B1B-2C46-4312-E543A9D52D96">
<createdBy>k3acp</createdBy>
<createdTime>2024-06-24 09:18:23 UTC</createdTime>
<generatorID>D269C501-F72A-BC8B-733B-5F78E6507496</generatorID>
<ownerDesignName>aaaaaaaaaaa-baza</ownerDesignName>
<useDomainConstraints>false</useDomainConstraints>
<use>1</use>
<logicalDatatype>LOGDT011</logicalDatatype>
<ownDataTypeParameters>,,</ownDataTypeParameters>
<previousColumn>false</previousColumn>
<autoIncrementCycle>false</autoIncrementCycle>
<associations>
<colAssociation fkAssociation="C6E5319E-DCA9-0F11-CA41-BE6BF25DEAB1" referredColumn="3CFF9696-E865-EA7F-FC9D-051E64B6D291"/>
</associations>
</Column>
</columns>
<indexes itemClass="oracle.dbtools.crest.model.design.relational.Index">
<ind_PK_UK id="98E3633D-68F1-B18B-8149-B7E4284909D9" name="Tournament_Participants_PK">
<createdBy>k3acp</createdBy>
<createdTime>2024-06-11 10:59:56 UTC</createdTime>
<generatorID>A54DD54D-3626-3CF8-FEE7-D4F2148A84D9</generatorID>
<ownerDesignName>aaaaaaaaaaa-baza</ownerDesignName>
<pk>true</pk>
<indexState>Primary Constraint</indexState>
<isSurrogateKey>false</isSurrogateKey>
<indexColumnUsage>
<colUsage columnID="BA244697-8E7B-D53E-15D6-43CFEC444567"/>
</indexColumnUsage>
</ind_PK_UK>
<ind_PK_UK id="C6E1E970-DC31-6B71-BB6A-D067F048AE86" name="Tournament_Participants_Tournaments_FK">
<createdBy>k3acp</createdBy>
<createdTime>2024-06-24 09:18:23 UTC</createdTime>
<generatorID>5D895EF4-D544-1E7B-6980-E75C5D1AEB0C</generatorID>
<ownerDesignName>aaaaaaaaaaa-baza</ownerDesignName>
<indexState>Foreign Key</indexState>
<isSurrogateKey>false</isSurrogateKey>
<indexColumnUsage>
<colUsage columnID="3A0998CB-C4B7-52A0-BF28-75A380E6264A"/>
</indexColumnUsage>
</ind_PK_UK>
<ind_PK_UK id="5B50DA54-853C-6480-FDAC-CBC7ED5C3D0F" name="Tournament_Participants_Riders_FK">
<createdBy>k3acp</createdBy>
<createdTime>2024-06-24 09:30:13 UTC</createdTime>
<generatorID>AB7DD3D1-0199-BF8C-CE65-353137001CB6</generatorID>
<ownerDesignName>aaaaaaaaaaa-baza</ownerDesignName>
<indexState>Foreign Key</indexState>
<isSurrogateKey>false</isSurrogateKey>
<indexColumnUsage>
<colUsage columnID="FDB96D76-9B1B-2C46-4312-E543A9D52D96"/>
</indexColumnUsage>
</ind_PK_UK>
</indexes>
</Table>