<?xml version = '1.0' encoding = 'UTF-8'?>
<Table class="oracle.dbtools.crest.model.design.relational.Table" directorySegmentName="seg_0" id="D97CA35C-A192-B975-8E52-FB868418DEBF" name="Positions">
<createdBy>k3acp</createdBy>
<createdTime>2024-06-11 10:59:56 UTC</createdTime>
<generatorID>FD728618-1E3B-86D8-C695-B59CAA3C1CEF</generatorID>
<ownerDesignName>aaaaaaaaaaa-baza</ownerDesignName>
<allowColumnReorder>false</allowColumnReorder>
<existDependencyGenerateInDDl>true</existDependencyGenerateInDDl>
<parsed>true</parsed>
<columns itemClass="oracle.dbtools.crest.model.design.relational.Column">
<Column name="id" id="01BB7FC9-A36D-9354-68BF-B6BA1B23347F">
<createdBy>k3acp</createdBy>
<createdTime>2024-06-11 10:59:56 UTC</createdTime>
<generatorID>06917FDD-EEF8-3582-4C2A-8B434019DA73</generatorID>
<ownerDesignName>aaaaaaaaaaa-baza</ownerDesignName>
<useDomainConstraints>false</useDomainConstraints>
<use>1</use>
<logicalDatatype>LOGDT011</logicalDatatype>
<ownDataTypeParameters>,,</ownDataTypeParameters>
<autoIncrementCycle>false</autoIncrementCycle>
</Column>
<Column name="name" id="A5FACD22-A968-FEEB-0284-59869737DE5F">
<createdBy>k3acp</createdBy>
<createdTime>2024-06-11 10:59:56 UTC</createdTime>
<generatorID>04CE146C-46F0-0295-9903-E5094CBE8A3D</generatorID>
<ownerDesignName>aaaaaaaaaaa-baza</ownerDesignName>
<useDomainConstraints>false</useDomainConstraints>
<use>1</use>
<logicalDatatype>LOGDT037</logicalDatatype>
<ownDataTypeParameters>,,</ownDataTypeParameters>
<autoIncrementCycle>false</autoIncrementCycle>
</Column>
<Column name="salary_min" id="DAC005E5-E24D-693E-10EF-860EAD52E7E3">
<createdBy>k3acp</createdBy>
<createdTime>2024-06-11 10:59:56 UTC</createdTime>
<generatorID>A25204E5-FACA-4609-A7EB-3BD481626306</generatorID>
<ownerDesignName>aaaaaaaaaaa-baza</ownerDesignName>
<useDomainConstraints>false</useDomainConstraints>
<use>1</use>
<logicalDatatype>LOGDT011</logicalDatatype>
<ownDataTypeParameters>,,</ownDataTypeParameters>
<autoIncrementCycle>false</autoIncrementCycle>
</Column>
<Column name="salary_max" id="041AB004-995B-DA53-2BC9-87CC2F728BF3">
<createdBy>k3acp</createdBy>
<createdTime>2024-06-11 10:59:56 UTC</createdTime>
<generatorID>0B882EB5-13F9-6C5F-E5E8-93D295657548</generatorID>
<ownerDesignName>aaaaaaaaaaa-baza</ownerDesignName>
<useDomainConstraints>false</useDomainConstraints>
<use>1</use>
<logicalDatatype>LOGDT011</logicalDatatype>
<ownDataTypeParameters>,,</ownDataTypeParameters>
<autoIncrementCycle>false</autoIncrementCycle>
</Column>
<Column name="licence_id" id="0DB5DEA4-2C63-4337-AC06-C194E2C3974B">
<createdBy>k3acp</createdBy>
<createdTime>2024-06-11 10:59:56 UTC</createdTime>
<generatorID>725583FC-31E1-2A78-913E-A30058CD6908</generatorID>
<ownerDesignName>aaaaaaaaaaa-baza</ownerDesignName>
<nullsAllowed>true</nullsAllowed>
<useDomainConstraints>false</useDomainConstraints>
<use>1</use>
<logicalDatatype>LOGDT011</logicalDatatype>
<ownDataTypeParameters>,,</ownDataTypeParameters>
<autoIncrementCycle>false</autoIncrementCycle>
</Column>
<Column name="coaching_licence_id" id="24B098D7-A59C-7911-9B04-12A233FC4FE1">
<createdBy>k3acp</createdBy>
<createdTime>2024-06-11 10:59:56 UTC</createdTime>
<generatorID>CD4C6EBD-B83B-F926-D9EB-75E97EB659F0</generatorID>
<ownerDesignName>aaaaaaaaaaa-baza</ownerDesignName>
<nullsAllowed>true</nullsAllowed>
<useDomainConstraints>false</useDomainConstraints>
<use>1</use>
<logicalDatatype>LOGDT011</logicalDatatype>
<ownDataTypeParameters>,,</ownDataTypeParameters>
<autoIncrementCycle>false</autoIncrementCycle>
</Column>
<Column name="speciality" id="057E9C71-0103-FBE2-12EF-546F46687DF2">
<createdBy>k3acp</createdBy>
<createdTime>2024-06-11 10:59:56 UTC</createdTime>
<generatorID>D8C6B379-3214-AFCE-8002-ECA721004C80</generatorID>
<ownerDesignName>aaaaaaaaaaa-baza</ownerDesignName>
<nullsAllowed>true</nullsAllowed>
<useDomainConstraints>false</useDomainConstraints>
<use>1</use>
<logicalDatatype>LOGDT037</logicalDatatype>
<dataTypeSize>255 BYTE</dataTypeSize>
<ownDataTypeParameters>255 BYTE,,</ownDataTypeParameters>
<autoIncrementCycle>false</autoIncrementCycle>
</Column>
<Column name="Licence_id1" id="0185C0D2-1618-B9F8-FD3C-33156A82E52C">
<createdBy>k3acp</createdBy>
<createdTime>2024-06-24 09:18:23 UTC</createdTime>
<generatorID>F67599C6-B037-2625-B55E-8186D9DAA2F6</generatorID>
<ownerDesignName>aaaaaaaaaaa-baza</ownerDesignName>
<nullsAllowed>true</nullsAllowed>
<useDomainConstraints>false</useDomainConstraints>
<use>1</use>
<logicalDatatype>LOGDT011</logicalDatatype>
<ownDataTypeParameters>,,</ownDataTypeParameters>
<previousColumn>false</previousColumn>
<autoIncrementCycle>false</autoIncrementCycle>
<associations>
<colAssociation fkAssociation="80F010F0-66B0-BDF5-0506-880EADA544F1" referredColumn="B7FDAF33-2479-53F6-54C2-AEF9D75630B0"/>
</associations>
</Column>
</columns>
<indexes itemClass="oracle.dbtools.crest.model.design.relational.Index">
<ind_PK_UK id="0846DA2A-D88E-1FEF-5674-D9E776A64958" name="Positions_PK">
<createdBy>k3acp</createdBy>
<createdTime>2024-06-11 10:59:56 UTC</createdTime>
<generatorID>68D7F8C7-55FD-867A-908D-B059AB63E0E0</generatorID>
<ownerDesignName>aaaaaaaaaaa-baza</ownerDesignName>
<pk>true</pk>
<indexState>Primary Constraint</indexState>
<isSurrogateKey>false</isSurrogateKey>
<indexColumnUsage>
<colUsage columnID="01BB7FC9-A36D-9354-68BF-B6BA1B23347F"/>
</indexColumnUsage>
</ind_PK_UK>
<ind_PK_UK id="32BB5CF9-1CCC-91F9-54B4-406B9E2B6ACE" name="Positions_Licence_FK">
<createdBy>k3acp</createdBy>
<createdTime>2024-06-24 09:18:23 UTC</createdTime>
<generatorID>9083BB95-91A8-DF2F-11FE-BD4ACCAEFB19</generatorID>
<ownerDesignName>aaaaaaaaaaa-baza</ownerDesignName>
<indexState>Foreign Key</indexState>
<isSurrogateKey>false</isSurrogateKey>
<indexColumnUsage>
<colUsage columnID="0185C0D2-1618-B9F8-FD3C-33156A82E52C"/>
</indexColumnUsage>
</ind_PK_UK>
</indexes>
</Table>