<?xml version = '1.0' encoding = 'UTF-8'?>
<Table class="oracle.dbtools.crest.model.design.relational.Table" directorySegmentName="seg_0" id="F3F80116-3911-FFDB-FFC0-A86739540843" name="Employees">
<createdBy>k3acp</createdBy>
<createdTime>2024-06-11 10:59:56 UTC</createdTime>
<generatorID>85ABBFD4-0619-F387-0A8D-4868EF8202B3</generatorID>
<ownerDesignName>aaaaaaaaaaa-baza</ownerDesignName>
<allowColumnReorder>false</allowColumnReorder>
<existDependencyGenerateInDDl>true</existDependencyGenerateInDDl>
<parsed>true</parsed>
<columns itemClass="oracle.dbtools.crest.model.design.relational.Column">
<Column name="id" id="59972375-2F7F-83DF-38BE-5800CAE162F2">
<createdBy>k3acp</createdBy>
<createdTime>2024-06-11 10:59:56 UTC</createdTime>
<generatorID>BA3F719F-A8AF-C9D8-89AE-04A9D5B2260B</generatorID>
<ownerDesignName>aaaaaaaaaaa-baza</ownerDesignName>
<useDomainConstraints>false</useDomainConstraints>
<use>1</use>
<logicalDatatype>LOGDT011</logicalDatatype>
<ownDataTypeParameters>,,</ownDataTypeParameters>
<autoIncrementCycle>false</autoIncrementCycle>
<associations>
<colAssociation fkAssociation="386AD5EE-56C3-323B-4A69-C0D3BA823E0F" referredColumn="6215348F-FC9C-B5AC-836E-471F801AD09A"/>
</associations>
</Column>
<Column name="Positions_id" id="7D141836-2F5D-9FC5-C13E-24A5BFD90ED1">
<createdBy>k3acp</createdBy>
<createdTime>2024-06-11 10:59:56 UTC</createdTime>
<generatorID>2459140C-AF0A-58FA-4BE0-8B658B86653C</generatorID>
<ownerDesignName>aaaaaaaaaaa-baza</ownerDesignName>
<useDomainConstraints>false</useDomainConstraints>
<use>1</use>
<logicalDatatype>LOGDT011</logicalDatatype>
<ownDataTypeParameters>,,</ownDataTypeParameters>
<previousColumn>false</previousColumn>
<autoIncrementCycle>false</autoIncrementCycle>
<associations>
<colAssociation fkAssociation="0DC40FEF-A344-9A8E-4802-DFF4FA9FC6B3" referredColumn="01BB7FC9-A36D-9354-68BF-B6BA1B23347F"/>
</associations>
</Column>
<Column name="position_id" id="E6770630-5855-38F0-A57C-8D5554946CB3">
<createdBy>k3acp</createdBy>
<createdTime>2024-06-11 10:59:56 UTC</createdTime>
<generatorID>C6B803EC-8273-8E4B-23EF-D63CC2B2378A</generatorID>
<ownerDesignName>aaaaaaaaaaa-baza</ownerDesignName>
<nullsAllowed>true</nullsAllowed>
<useDomainConstraints>false</useDomainConstraints>
<use>1</use>
<logicalDatatype>LOGDT011</logicalDatatype>
<ownDataTypeParameters>,,</ownDataTypeParameters>
<autoIncrementCycle>false</autoIncrementCycle>
</Column>
<Column name="salary" id="6ECA4ED1-6867-0ADA-E772-705460A33724">
<createdBy>k3acp</createdBy>
<createdTime>2024-06-11 10:59:56 UTC</createdTime>
<generatorID>957BE639-6540-8B62-83AD-17AFF3E1550E</generatorID>
<ownerDesignName>aaaaaaaaaaa-baza</ownerDesignName>
<useDomainConstraints>false</useDomainConstraints>
<use>1</use>
<logicalDatatype>LOGDT011</logicalDatatype>
<ownDataTypeParameters>,,</ownDataTypeParameters>
<autoIncrementCycle>false</autoIncrementCycle>
</Column>
<Column name="date_employeed" id="53DE124C-ADB5-5942-65A0-A603C85E1B53">
<createdBy>k3acp</createdBy>
<createdTime>2024-06-11 10:59:56 UTC</createdTime>
<generatorID>B1DE9E4C-27CF-B934-F213-DE4F322844A8</generatorID>
<ownerDesignName>aaaaaaaaaaa-baza</ownerDesignName>
<useDomainConstraints>false</useDomainConstraints>
<use>1</use>
<logicalDatatype>LOGDT007</logicalDatatype>
<ownDataTypeParameters>,,</ownDataTypeParameters>
<autoIncrementCycle>false</autoIncrementCycle>
</Column>
<Column name="Employees" id="6E61C991-8A4E-42D7-BEF4-35E689B6478A">
<createdBy>k3acp</createdBy>
<createdTime>2024-06-11 10:59:56 UTC</createdTime>
<ownerDesignName>aaaaaaaaaaa-baza</ownerDesignName>
<constraintName>CH_INH_Employees</constraintName>
<useDomainConstraints>false</useDomainConstraints>
<use>1</use>
<logicalDatatype>LOGDT024</logicalDatatype>
<dataTypeSize>9</dataTypeSize>
<listOfValues>
<valueDef value="Employees" description="entity Employees"/>
</listOfValues>
<ownDataTypeParameters>9,,</ownDataTypeParameters>
<autoIncrementCycle>false</autoIncrementCycle>
<isDiscriminatorColumn>true</isDiscriminatorColumn>
</Column>
</columns>
<indexes itemClass="oracle.dbtools.crest.model.design.relational.Index">
<ind_PK_UK id="82C1009A-2538-7B06-86E3-E3F8B6A5B6AD" name="Employees_PK">
<createdBy>k3acp</createdBy>
<createdTime>2024-06-11 10:59:56 UTC</createdTime>
<generatorID>5665BBEC-EBD3-C95A-3B7D-7821BD256F08</generatorID>
<ownerDesignName>aaaaaaaaaaa-baza</ownerDesignName>
<pk>true</pk>
<indexState>Primary Constraint</indexState>
<isSurrogateKey>false</isSurrogateKey>
<indexColumnUsage>
<colUsage columnID="59972375-2F7F-83DF-38BE-5800CAE162F2"/>
</indexColumnUsage>
</ind_PK_UK>
<ind_PK_UK id="5CD4031F-7C6D-5223-4246-852C325FCDA5" name="Employees_PKv1">
<createdBy>k3acp</createdBy>
<createdTime>2024-06-11 10:59:56 UTC</createdTime>
<generatorID>BEFB6D46-172D-E255-FE3A-639740559D4D</generatorID>
<ownerDesignName>aaaaaaaaaaa-baza</ownerDesignName>
<indexState>Unique Constraint</indexState>
<isSurrogateKey>false</isSurrogateKey>
<indexColumnUsage>
<colUsage columnID="7D141836-2F5D-9FC5-C13E-24A5BFD90ED1"/>
</indexColumnUsage>
</ind_PK_UK>
<ind_PK_UK id="C1BC7C2F-CBD6-C056-12EF-E32FDA15C4C0" name="Employees_Members_FK">
<createdBy>k3acp</createdBy>
<createdTime>2024-06-11 10:59:56 UTC</createdTime>
<generatorID>5F328026-176E-E149-9623-A4184A635183</generatorID>
<ownerDesignName>aaaaaaaaaaa-baza</ownerDesignName>
<indexState>Foreign Key</indexState>
<isSurrogateKey>false</isSurrogateKey>
<indexColumnUsage>
<colUsage columnID="59972375-2F7F-83DF-38BE-5800CAE162F2"/>
</indexColumnUsage>
</ind_PK_UK>
<ind_PK_UK id="D715B06F-2BEB-862E-1700-69CA189189A9" name="Employees_Positions_FK">
<createdBy>k3acp</createdBy>
<createdTime>2024-06-11 10:59:56 UTC</createdTime>
<generatorID>BE48B177-BD9C-DBFA-F5C4-BCDE5E4A9772</generatorID>
<ownerDesignName>aaaaaaaaaaa-baza</ownerDesignName>
<indexState>Foreign Key</indexState>
<isSurrogateKey>false</isSurrogateKey>
<indexColumnUsage>
<colUsage columnID="7D141836-2F5D-9FC5-C13E-24A5BFD90ED1"/>
</indexColumnUsage>
</ind_PK_UK>
</indexes>
</Table>